sumlev,geocode,namelsad,coname,state,county,placefp,pop2020,hu2020
155,3700160125,Aberdeen town,Moore County,37,125,160,8516,3879
155,3700440059,Advance CDP,Davie County,37,59,440,1499,631
155,3700500091,Ahoskie town,Hertford County,37,91,500,4891,2326
155,3700640001,Alamance village,Alamance County,37,1,640,988,400
155,3700680167,Albemarle city,Stanly County,37,167,680,16432,7511
155,3700880071,Alexis CDP,Gaston County,37,71,880,589,276
155,3701000137,Alliance town,Pamlico County,37,137,1000,733,328
155,3701140001,Altamahaw CDP,Alamance County,37,1,1140,334,150
155,3701340085,Anderson Creek CDP,Harnett County,37,85,1340,13636,5175
155,3701380039,Andrews town,Cherokee County,37,39,1380,1667,895
155,3701400085,Angier town,Harnett County,37,85,1400,4709,1980
155,3701400183,Angier town,Wake County,37,183,1400,556,182
155,3701420007,Ansonville town,Anson County,37,7,1420,440,213
155,3701520183,Apex town,Wake County,37,183,1520,58780,22151
155,3701560167,Aquadale CDP,Stanly County,37,167,1560,348,169
155,3701640137,Arapahoe town,Pamlico County,37,137,1640,416,219
155,3701720081,Archdale city,Guilford County,37,81,1720,380,145
155,3701720151,Archdale city,Randolph County,37,151,1720,11527,4993
155,3701760101,Archer Lodge town,Johnston County,37,101,1760,4797,1707
155,3701972041,Arrowhead Beach CDP,Chowan County,37,41,1972,640,487
155,3702080151,Asheboro city,Randolph County,37,151,2080,27156,11855
155,3702140021,Asheville city,Buncombe County,37,21,2140,94589,47606
155,3702240093,Ashley Heights CDP,Hoke County,37,93,2240,301,150
155,3702320015,Askewville town,Bertie County,37,15,2320,184,97
155,3702460141,Atkinson town,Pender County,37,141,2460,296,126
155,3702480031,Atlantic CDP,Carteret County,37,31,2480,468,374
155,3702500031,Atlantic Beach town,Carteret County,37,31,2500,1364,4844
155,3702580015,Aulander town,Bertie County,37,15,2580,763,403
155,3702620013,Aurora town,Beaufort County,37,13,2620,455,275
155,3702700163,Autryville town,Sampson County,37,163,2700,167,98
155,3702760021,Avery Creek CDP,Buncombe County,37,21,2760,2241,917
155,3702780055,Avon CDP,Dare County,37,55,2780,832,1631
155,3702840147,Ayden town,Pitt County,37,147,2840,4977,2516
155,3702960167,Badin town,Stanly County,37,167,2960,2024,605
155,3703020127,Bailey town,Nash County,37,127,3020,568,246
155,3703100121,Bakersville town,Mitchell County,37,121,3100,450,244
155,3703150019,Bald Head Island village,Brunswick County,37,19,3150,268,1050
155,3703220089,Balfour CDP,Henderson County,37,89,3220,1335,595
155,3703500011,Banner Elk town,Avery County,37,11,3500,1049,622
155,3703640089,Barker Heights CDP,Henderson County,37,89,3640,1249,502
155,3703665155,Barker Ten Mile CDP,Robeson County,37,155,3665,937,391
155,3703720021,Barnardsville CDP,Buncombe County,37,21,3720,559,255
155,3703840013,Bath town,Beaufort County,37,13,3840,245,163
155,3703960137,Bayboro town,Pamlico County,37,137,3960,1161,312
155,3704015129,Bayshore CDP,New Hanover County,37,129,4015,3833,1583
155,3704040013,Bayview CDP,Beaufort County,37,13,4040,298,264
155,3704180117,Bear Grass town,Martin County,37,117,4180,89,41
155,3704260031,Beaufort town,Carteret County,37,31,4260,4464,3094
155,3704510189,Beech Mountain town,Watauga County,37,189,4510,613,1995
155,3704510011,Beech Mountain town,Avery County,37,11,4510,62,361
155,3704640013,Belhaven town,Beaufort County,37,13,4640,1410,893
155,3704680147,Bell Arthur CDP,Pitt County,37,147,4680,477,190
155,3704840071,Belmont city,Gaston County,37,71,4840,15010,6426
155,3704950019,Belville town,Brunswick County,37,19,4950,2406,1014
155,3704955147,Belvoir CDP,Pitt County,37,147,4955,315,120
155,3704960045,Belwood town,Cleveland County,37,45,4960,857,426
155,3705020037,Bennett CDP,Chatham County,37,37,5020,284,137
155,3705040085,Benson town,Harnett County,37,85,5040,0,0
155,3705040101,Benson town,Johnston County,37,101,5040,3967,1763
155,3705049021,Bent Creek CDP,Buncombe County,37,21,5049,1402,609
155,3705135059,Bermuda Run town,Davie County,37,59,5135,3120,1593
155,3705220071,Bessemer City city,Gaston County,37,71,5220,5428,2445
155,3705340067,Bethania town,Forsyth County,37,67,5340,344,168
155,3705460147,Bethel town,Pitt County,37,147,5460,1373,700
155,3705530003,Bethlehem CDP,Alexander County,37,3,5530,4491,2014
155,3705660061,Beulaville town,Duplin County,37,61,5660,1116,648
155,3705880021,Biltmore Forest town,Buncombe County,37,21,5880,1409,683
155,3706000123,Biscoe town,Montgomery County,37,123,6000,1848,669
155,3706080195,Black Creek town,Wilson County,37,195,6080,692,318
155,3706140021,Black Mountain town,Buncombe County,37,21,6140,8426,4476
155,3706240017,Bladenboro town,Bladen County,37,17,6240,1648,851
155,3706500027,Blowing Rock town,Caldwell County,37,27,6500,91,153
155,3706500189,Blowing Rock town,Watauga County,37,189,6500,1285,1931
155,3706510129,Blue Clay Farms CDP,New Hanover County,37,129,6510,168,72
155,3706660047,Boardman town,Columbus County,37,47,6660,166,82
155,3706740031,Bogue town,Carteret County,37,31,6740,695,319
155,3706760019,Boiling Spring Lakes city,Brunswick County,37,19,6760,5943,2605
155,3706800045,Boiling Springs town,Cleveland County,37,45,6800,4615,1465
155,3706820019,Bolivia town,Brunswick County,37,19,6820,149,69
155,3706860047,Bolton town,Columbus County,37,47,6860,519,273
155,3706980163,Bonnetsville CDP,Sampson County,37,163,6980,318,151
155,3707080189,Boone town,Watauga County,37,189,7080,19092,7217
155,3707140197,Boonville town,Yadkin County,37,197,7140,1185,555
155,3707220161,Bostic town,Rutherford County,37,161,7220,355,180
155,3707340061,Bowdens CDP,Duplin County,37,61,7340,196,116
155,3707400093,Bowmore CDP,Hoke County,37,93,7400,76,43
155,3707588031,Brandywine Bay CDP,Carteret County,37,31,7588,1153,629
155,3707720175,Brevard city,Transylvania County,37,175,7720,7744,3935
155,3707748037,Briar Chapel CDP,Chatham County,37,37,7748,5108,1955
155,3707765049,Brices Creek CDP,Craven County,37,49,7765,3542,1370
155,3707860049,Bridgeton town,Craven County,37,49,7860,349,217
155,3708040031,Broad Creek CDP,Carteret County,37,31,8040,1968,1287
155,3708080085,Broadway town,Harnett County,37,85,8080,0,1
155,3708080105,Broadway town,Lee County,37,105,8080,1267,563
155,3708110191,Brogden CDP,Wayne County,37,191,8110,2510,1084
155,3708140035,Brookford town,Catawba County,37,35,8140,442,218
155,3708420047,Brunswick town,Columbus County,37,47,8420,973,157
155,3708480173,Bryson City town,Swain County,37,173,8480,1558,836
155,3708760085,Buies Creek CDP,Harnett County,37,85,8760,3253,1170
155,3708860069,Bunn town,Franklin County,37,69,8860,327,166
155,3708880085,Bunnlevel CDP,Harnett County,37,85,8880,516,246
155,3708960141,Burgaw town,Pender County,37,141,8960,3088,1418
155,3709060001,Burlington city,Alamance County,37,1,9060,55481,25048
155,3709060081,Burlington city,Guilford County,37,81,9060,1822,723
155,3709140199,Burnsville town,Yancey County,37,199,9140,1614,870
155,3709360077,Butner town,Granville County,37,77,9360,8397,3112
155,3709380017,Butters CDP,Bladen County,37,17,9380,250,131
155,3709400055,Buxton CDP,Dare County,37,55,9400,1181,940
155,3709530027,Cajah's Mountain town,Caldwell County,37,27,9530,2722,1196
155,3709540019,Calabash town,Brunswick County,37,19,9540,2011,1546
155,3709760061,Calypso town,Duplin County,37,61,9760,327,184
155,3709780029,Camden CDP,Camden County,37,29,9780,620,279
155,3709800125,Cameron town,Moore County,37,125,9800,244,137
155,3710120123,Candor town,Montgomery County,37,123,10120,813,322
155,3710120125,Candor town,Moore County,37,125,10120,0,0
155,3710240087,Canton town,Haywood County,37,87,10240,4422,2086
155,3710260031,Cape Carteret town,Carteret County,37,31,10260,2224,1142
155,3710264041,Cape Colony CDP,Chowan County,37,41,10264,691,383
155,3710460161,Caroleen CDP,Rutherford County,37,161,10460,560,265
155,3710500129,Carolina Beach town,New Hanover County,37,129,10500,6564,5618
155,3710532037,Carolina Meadows CDP,Chatham County,37,37,10532,727,488
155,3710550019,Carolina Shores town,Brunswick County,37,19,10550,4588,2767
155,3710620135,Carrboro town,Orange County,37,135,10620,21295,9912
155,3710680125,Carthage town,Moore County,37,125,10680,2775,1216
155,3710740037,Cary town,Chatham County,37,37,10740,3709,1985
155,3710740183,Cary town,Wake County,37,183,10740,171012,68186
155,3710760045,Casar town,Cleveland County,37,45,10760,305,150
155,3710800099,Cashiers CDP,Jackson County,37,99,10800,657,682
155,3710860127,Castalia town,Nash County,37,127,10860,264,129
155,3710880129,Castle Hayne CDP,New Hanover County,37,129,10880,1243,564
155,3710960019,Caswell Beach town,Brunswick County,37,19,10960,395,681
155,3710980035,Catawba town,Catawba County,37,35,10980,702,307
155,3711340031,Cedar Point town,Carteret County,37,31,11340,1764,1237
155,3711352027,Cedar Rock village,Caldwell County,37,27,11352,301,136
155,3711560069,Centerville CDP,Franklin County,37,69,11560,149,85
155,3711620047,Cerro Gordo town,Columbus County,37,47,11620,131,69
155,3711640047,Chadbourn town,Columbus County,37,47,11640,1574,845
155,3711800063,Chapel Hill town,Durham County,37,63,11800,2906,1575
155,3711800135,Chapel Hill town,Orange County,37,135,11800,59054,22138
155,3712000119,Charlotte city,Mecklenburg County,37,119,12000,874579,379904
155,3712140099,Cherokee CDP,Jackson County,37,99,12140,1166,466
155,3712140173,Cherokee CDP,Swain County,37,173,12140,1029,452
155,3712186049,Cherry Branch CDP,Craven County,37,49,12186,1211,461
155,3712340071,Cherryville city,Gaston County,37,71,12340,6078,2745
155,3712460161,Chimney Rock Village village,Rutherford County,37,161,12460,140,168
155,3712480159,China Grove town,Rowan County,37,159,12480,4434,1911
155,3712520061,Chinquapin CDP,Duplin County,37,61,12520,86,65
155,3712580013,Chocowinity town,Beaufort County,37,13,12580,722,389
155,3712590041,Chowan Beach CDP,Chowan County,37,41,12590,385,188
155,3712720035,Claremont city,Catawba County,37,35,12720,1692,774
155,3712780017,Clarkton town,Bladen County,37,17,12780,614,297
155,3712860101,Clayton town,Johnston County,37,101,12860,26307,10576
155,3712860183,Clayton town,Wake County,37,183,12860,0,0
155,3712960067,Clemmons village,Forsyth County,37,67,12960,21163,8897
155,3713000159,Cleveland town,Rowan County,37,159,13000,846,374
155,3713100161,Cliffside CDP,Rutherford County,37,161,13100,530,234
155,3713240163,Clinton city,Sampson County,37,163,13240,8383,3772
155,3713280087,Clyde town,Haywood County,37,87,13280,1368,637
155,3713360085,Coats town,Harnett County,37,85,13360,2155,998
155,3713460091,Cofield village,Hertford County,37,91,13460,267,157
155,3713500053,Coinjock CDP,Currituck County,37,53,13500,337,165
155,3713560015,Colerain town,Bertie County,37,15,13560,217,113
155,3713940177,Columbia town,Tyrrell County,37,177,13940,610,349
155,3713980149,Columbus town,Polk County,37,149,13980,1060,472
155,3714060091,Como town,Hertford County,37,91,14060,67,43
155,3714100025,Concord city,Cabarrus County,37,25,14100,105240,40772
155,3714200065,Conetoe town,Edgecombe County,37,65,14200,198,118
155,3714280023,Connelly Springs town,Burke County,37,23,14280,1529,838
155,3714340035,Conover city,Catawba County,37,35,14340,8421,3805
155,3714400131,Conway town,Northampton County,37,131,14400,752,363
155,3714460059,Cooleemee town,Davie County,37,59,14460,940,424
155,3714600153,Cordova CDP,Richmond County,37,153,14600,1653,738
155,3714700119,Cornelius town,Mecklenburg County,37,119,14700,31412,14536
155,3715020049,Cove City town,Craven County,37,49,15020,378,197
155,3715040189,Cove Creek CDP,Watauga County,37,189,15040,1068,573
155,3715260071,Cramerton town,Gaston County,37,71,15260,5296,2506
155,3715320077,Creedmoor city,Granville County,37,77,15320,4866,1953
155,3715420187,Creswell town,Washington County,37,187,15420,207,122
155,3715440193,Cricket CDP,Wilkes County,37,193,15440,1966,873
155,3715580011,Crossnore town,Avery County,37,11,15580,143,75
155,3715640109,Crouse CDP,Lincoln County,37,109,15640,322,160
155,3715880099,Cullowhee CDP,Jackson County,37,99,15880,7682,2366
155,3716084013,Cypress Landing CDP,Beaufort County,37,13,16084,1257,661
155,3716180071,Dallas town,Gaston County,37,71,16180,5927,2522
155,3716220089,Dana CDP,Henderson County,37,89,16220,3683,1463
155,3716240169,Danbury town,Stokes County,37,169,16240,189,51
155,3716400097,Davidson town,Iredell County,37,97,16400,378,163
155,3716400119,Davidson town,Mecklenburg County,37,119,16400,14728,5735
155,3716480031,Davis CDP,Carteret County,37,31,16480,311,240
155,3716720107,Deep Run CDP,Lenoir County,37,107,16720,572,248
155,3716730165,Deercroft CDP,Scotland County,37,165,16730,414,190
155,3716780047,Delco CDP,Columbus County,37,47,16780,287,143
155,3716820071,Dellview town,Gaston County,37,71,16820,6,3
155,3716860163,Delway CDP,Sampson County,37,163,16860,150,89
155,3716980057,Denton town,Davidson County,37,57,16980,1494,731
155,3717000109,Denver CDP,Lincoln County,37,109,17000,2697,1206
155,3717180099,Dillsboro town,Jackson County,37,99,17180,213,136
155,3717325153,Dobbins Heights town,Richmond County,37,153,17325,687,378
155,3717340171,Dobson town,Surry County,37,171,17340,1462,594
155,3717520127,Dortches town,Nash County,37,127,17520,1082,477
155,3717660049,Dover town,Craven County,37,49,17660,349,186
155,3717860023,Drexel town,Burke County,37,23,17860,1760,811
155,3718040017,Dublin town,Bladen County,37,17,18040,267,120
155,3718060055,Duck town,Dare County,37,55,18060,742,2461
155,3718080191,Dudley CDP,Wayne County,37,191,18080,826,364
155,3718300093,Dundarrach CDP,Hoke County,37,93,18300,34,18
155,3718320085,Dunn city,Harnett County,37,85,18320,8446,4150
155,3719000135,Durham city,Orange County,37,135,19000,144,17
155,3719000183,Durham city,Wake County,37,183,19000,269,126
155,3719000063,Durham city,Durham County,37,63,19000,283093,127862
155,3719140045,Earl town,Cleveland County,37,45,19140,198,106
155,3719300017,East Arcadia town,Bladen County,37,17,19300,418,198
155,3719320197,East Bend town,Yadkin County,37,197,19320,634,291
155,3719420089,East Flat Rock CDP,Henderson County,37,89,19420,5757,2286
155,3719620165,East Laurinburg town,Scotland County,37,165,19620,234,122
155,3719740051,Eastover town,Cumberland County,37,51,19740,3656,1658
155,3719800153,East Rockingham CDP,Richmond County,37,153,19800,3471,1572
155,3719860159,East Spencer town,Rowan County,37,159,19860,1567,784
155,3720080157,Eden city,Rockingham County,37,157,20080,15421,7740
155,3720120041,Edenton town,Chowan County,37,41,20120,4460,2449
155,3720280089,Edneyville CDP,Henderson County,37,89,20280,2395,1065
155,3720420135,Efland CDP,Orange County,37,135,20420,852,369
155,3720580139,Elizabeth City city,Pasquotank County,37,139,20580,18593,8616
155,3720580029,Elizabeth City city,Camden County,37,29,20580,38,26
155,3720600017,Elizabethtown town,Bladen County,37,17,20600,3296,1631
155,3720620193,Elkin town,Wilkes County,37,193,20620,73,38
155,3720620171,Elkin town,Surry County,37,171,20620,4049,2021
155,3720700011,Elk Park town,Avery County,37,11,20700,542,287
155,3720780161,Ellenboro town,Rutherford County,37,161,20780,723,353
155,3720840153,Ellerbe town,Richmond County,37,153,20840,864,426
155,3720980195,Elm City town,Wilson County,37,195,20980,1218,588
155,3720980127,Elm City town,Nash County,37,127,20980,0,0
155,3721095001,Elon town,Alamance County,37,1,21095,11336,3175
155,3721120155,Elrod CDP,Robeson County,37,155,21120,391,158
155,3721130191,Elroy CDP,Wayne County,37,191,21130,3755,1701
155,3721160031,Emerald Isle town,Carteret County,37,31,21160,3847,6769
155,3721260021,Emma CDP,Buncombe County,37,21,21260,2174,872
155,3721360083,Enfield town,Halifax County,37,83,21360,1865,1034
155,3721380095,Engelhard CDP,Hyde County,37,95,21380,374,233
155,3721500159,Enochville CDP,Rowan County,37,159,21500,2893,1258
155,3721740085,Erwin town,Harnett County,37,85,21740,4542,2026
155,3721880089,Etowah CDP,Henderson County,37,89,21880,7642,3680
155,3721960191,Eureka town,Wayne County,37,191,21960,214,102
155,3722040117,Everetts town,Martin County,37,117,22040,150,82
155,3722080047,Evergreen CDP,Columbus County,37,47,22080,336,165
155,3722240047,Fair Bluff town,Columbus County,37,47,22240,709,417
155,3722280095,Fairfield CDP,Hyde County,37,95,22280,231,127
155,3722305049,Fairfield Harbour CDP,Craven County,37,49,22305,2767,1744
155,3722360155,Fairmont town,Robeson County,37,155,22360,2191,1107
155,3722380193,Fairplains CDP,Wilkes County,37,193,22380,2029,939
155,3722440021,Fairview CDP,Buncombe County,37,21,22440,2771,1256
155,3722500179,Fairview town,Union County,37,179,22500,3456,1364
155,3722560061,Faison town,Duplin County,37,61,22560,784,387
155,3722560163,Faison town,Sampson County,37,163,22560,0,0
155,3722600159,Faith town,Rowan County,37,159,22600,819,354
155,3722620163,Falcon town,Sampson County,37,163,22620,0,0
155,3722620051,Falcon town,Cumberland County,37,51,22620,324,88
155,3722640147,Falkland town,Pitt County,37,147,22640,47,29
155,3722720045,Fallston town,Cleveland County,37,45,22720,627,261
155,3722800059,Farmington CDP,Davie County,37,59,22800,291,140
155,3722820147,Farmville town,Pitt County,37,147,22820,4461,2237
155,3722920051,Fayetteville city,Cumberland County,37,51,22920,208501,90326
155,3722982037,Fearrington Village CDP,Chatham County,37,37,22982,2557,1605
155,3723520093,Five Points CDP,Hoke County,37,93,23520,961,373
155,3723600089,Flat Rock village,Henderson County,37,89,23600,3486,2176
155,3723640171,Flat Rock CDP,Surry County,37,171,23640,1326,720
155,3723760089,Fletcher town,Henderson County,37,89,23760,7987,3642
155,3723980075,Fontana Dam town,Graham County,37,75,23980,13,70
155,3724080161,Forest City town,Rutherford County,37,161,24080,7377,3511
155,3724170099,Forest Hills village,Jackson County,37,99,24170,303,194
155,3724198081,Forest Oaks CDP,Guilford County,37,81,24198,4209,1664
155,3724380189,Foscoe CDP,Watauga County,37,189,24380,1457,1555
155,3724440147,Fountain town,Pitt County,37,147,24440,385,195
155,3724520101,Four Oaks town,Johnston County,37,101,24520,2158,955
155,3724570125,Foxfire village,Moore County,37,125,24570,1288,648
155,3724640113,Franklin town,Macon County,37,113,24640,4175,2299
155,3724720069,Franklinton town,Franklin County,37,69,24720,2456,1169
155,3724740151,Franklinville town,Randolph County,37,151,24740,1197,468
155,3724900191,Fremont town,Wayne County,37,191,24900,1196,598
155,3725020055,Frisco CDP,Dare County,37,55,25020,994,1088
155,3725160089,Fruitland CDP,Henderson County,37,89,25160,2257,1349
155,3725300085,Fuquay-Varina town,Harnett County,37,85,25300,0,0
155,3725300183,Fuquay-Varina town,Wake County,37,183,25300,34152,13204
155,3725380027,Gamewell town,Caldwell County,37,27,25380,3702,1683
155,3725460163,Garland town,Sampson County,37,163,25460,595,287
155,3725480183,Garner town,Wake County,37,183,25480,31159,13779
155,3725540131,Garysburg town,Northampton County,37,131,25540,904,502
155,3725560131,Gaston town,Northampton County,37,131,25560,1008,482
155,3725580071,Gastonia city,Gaston County,37,71,25580,80411,34346
155,3725680073,Gatesville town,Gates County,37,73,25680,267,145
155,3725880169,Germanton CDP,Stokes County,37,169,25880,297,143
155,3725880067,Germanton CDP,Forsyth County,37,67,25880,493,246
155,3725900089,Gerton CDP,Henderson County,37,89,25900,290,258
155,3725940165,Gibson town,Scotland County,37,165,25940,449,218
155,3725980081,Gibsonville town,Guilford County,37,81,25980,4642,1940
155,3725980001,Gibsonville town,Alamance County,37,1,25980,4278,1713
155,3726200023,Glen Alpine town,Burke County,37,23,26200,1529,678
155,3726460001,Glen Raven CDP,Alamance County,37,1,26460,3239,1272
155,3726520099,Glenville CDP,Jackson County,37,99,26520,155,242
155,3726560111,Glenwood CDP,McDowell County,37,111,26560,501,233
155,3726680031,Gloucester CDP,Carteret County,37,31,26680,495,315
155,3726740051,Godwin town,Cumberland County,37,51,26740,128,58
155,3726800159,Gold Hill CDP,Rowan County,37,159,26800,372,168
155,3726880191,Goldsboro city,Wayne County,37,191,26880,33657,16213
155,3726920037,Goldston town,Chatham County,37,37,26920,234,131
155,3727120063,Gorman CDP,Durham County,37,63,27120,1104,432
155,3727180037,Governors Club CDP,Chatham County,37,37,27180,1969,971
155,3727182037,Governors Village CDP,Chatham County,37,37,27182,1512,718
155,3727280001,Graham city,Alamance County,37,1,27280,17157,7840
155,3727300107,Graingers CDP,Lenoir County,37,107,27300,229,129
155,3727324011,Grandfather Village village,Avery County,37,11,27324,95,406
155,3727400053,Grandy CDP,Currituck County,37,53,27400,2776,1386
155,3727420027,Granite Falls town,Caldwell County,37,27,27420,4965,2105
155,3727440159,Granite Quarry town,Rowan County,37,159,27440,2984,1290
155,3727520137,Grantsboro town,Pamlico County,37,137,27520,692,310
155,3727780061,Greenevers town,Duplin County,37,61,27780,567,287
155,3727870001,Green Level town,Alamance County,37,1,27870,3152,1217
155,3728000081,Greensboro city,Guilford County,37,81,28000,299035,131976
155,3728080147,Greenville city,Pitt County,37,147,28080,87521,45147
155,3728200107,Grifton town,Lenoir County,37,107,28200,147,81
155,3728200147,Grifton town,Pitt County,37,147,28200,2301,1008
155,3728240147,Grimesland town,Pitt County,37,147,28240,386,200
155,3728400045,Grover town,Cleveland County,37,45,28400,802,331
155,3728600037,Gulf CDP,Chatham County,37,37,28600,122,60
155,3728900133,Half Moon CDP,Onslow County,37,133,28900,7543,3100
155,3728920083,Halifax town,Halifax County,37,83,28920,170,114
155,3729000047,Hallsboro CDP,Columbus County,37,47,29000,382,219
155,3729120117,Hamilton town,Martin County,37,117,29120,306,165
155,3729160153,Hamlet city,Richmond County,37,153,29160,6025,2822
155,3729180141,Hampstead CDP,Pender County,37,141,29180,7016,2898
155,3729560031,Harkers Island CDP,Carteret County,37,31,29560,1127,1178
155,3729640097,Harmony town,Iredell County,37,97,29640,543,219
155,3729680061,Harrells town,Duplin County,37,61,29680,0,0
155,3729680163,Harrells town,Sampson County,37,163,29680,160,90
155,3729720091,Harrellsville town,Hertford County,37,91,29720,85,50
155,3729800025,Harrisburg town,Cabarrus County,37,25,29800,18967,6374
155,3730040117,Hassell town,Martin County,37,117,30040,49,31
155,3730100055,Hatteras CDP,Dare County,37,55,30100,577,813
155,3730120049,Havelock city,Craven County,37,49,30120,16621,6545
155,3730260001,Haw River town,Alamance County,37,1,30260,2252,1096
155,3730280043,Hayesville town,Clay County,37,43,30280,461,229
155,3730340193,Hays CDP,Wilkes County,37,193,30340,1595,732
155,3730620179,Hemby Bridge town,Union County,37,179,30620,1614,605
155,3730660181,Henderson city,Vance County,37,181,30660,15060,6876
155,3730720089,Hendersonville city,Henderson County,37,89,30720,15137,8371
155,3730800161,Henrietta CDP,Rutherford County,37,161,30800,395,168
155,3730900143,Hertford town,Perquimans County,37,143,30900,1934,1009
155,3731060027,Hickory city,Caldwell County,37,27,31060,32,17
155,3731060023,Hickory city,Burke County,37,23,31060,79,35
155,3731060035,Hickory city,Catawba County,37,35,31060,43379,20012
155,3731260003,Hiddenite CDP,Alexander County,37,3,31260,507,247
155,3731360099,Highlands town,Jackson County,37,99,31360,12,40
155,3731360113,Highlands town,Macon County,37,113,31360,1060,2267
155,3731400081,High Point city,Guilford County,37,81,31400,107321,45119
155,3731400067,High Point city,Forsyth County,37,67,31400,84,8
155,3731400057,High Point city,Davidson County,37,57,31400,6646,2816
155,3731400151,High Point city,Randolph County,37,151,31400,8,8
155,3731440071,High Shoals city,Gaston County,37,71,31440,595,259
155,3731490129,Hightsville CDP,New Hanover County,37,129,31490,710,171
155,3731500023,Hildebran town,Burke County,37,23,31500,1679,773
155,3731620135,Hillsborough town,Orange County,37,135,31620,9660,4267
155,3731860083,Hobgood town,Halifax County,37,83,31860,268,158
155,3731880137,Hobucken CDP,Pamlico County,37,137,31880,99,101
155,3731920153,Hoffman town,Richmond County,37,153,31920,418,208
155,3731960019,Holden Beach town,Brunswick County,37,19,31960,921,2303
155,3732100083,Hollister CDP,Halifax County,37,83,32100,618,340
155,3732180133,Holly Ridge town,Onslow County,37,133,32180,4171,2205
155,3732260183,Holly Springs town,Wake County,37,183,32260,41239,14237
155,3732540079,Hookerton town,Greene County,37,79,32540,413,192
155,3732580089,Hoopers Creek CDP,Henderson County,37,89,32580,1074,493
155,3732640051,Hope Mills town,Cumberland County,37,51,32640,17808,7060
155,3732740089,Horse Shoe CDP,Henderson County,37,89,32740,2430,1035
155,3732840115,Hot Springs town,Madison County,37,115,32840,520,315
155,3732980027,Hudson town,Caldwell County,37,27,32980,3780,1717
155,3733120119,Huntersville town,Mecklenburg County,37,119,33120,61376,23962
155,3733320023,Icard CDP,Burke County,37,23,33320,2452,1083
155,3733460031,Indian Beach town,Carteret County,37,31,33460,223,1689
155,3733560179,Indian Trail town,Union County,37,179,33560,39997,13712
155,3733640163,Ingold CDP,Sampson County,37,163,33640,416,180
155,3733820109,Iron Station CDP,Lincoln County,37,109,33820,825,341
155,3733940163,Ivanhoe CDP,Sampson County,37,163,33940,198,107
155,3733993179,JAARS CDP,Union County,37,179,33993,471,211
155,3734000131,Jackson town,Northampton County,37,131,34000,430,235
155,3734038107,Jackson Heights CDP,Lenoir County,37,107,34038,1071,474
155,3734160125,Jackson Springs CDP,Moore County,37,125,34160,154,70
155,3734200133,Jacksonville city,Onslow County,37,133,34200,72723,24004
155,3734260049,James City CDP,Craven County,37,49,34260,5291,2532
155,3734300081,Jamestown town,Guilford County,37,81,34300,3668,1739
155,3734320117,Jamesville town,Martin County,37,117,34320,424,227
155,3734440009,Jefferson town,Ashe County,37,9,34440,1622,782
155,3734840197,Jonesville town,Yadkin County,37,197,34840,2308,1132
155,3735200025,Kannapolis city,Cabarrus County,37,25,35200,42846,17683
155,3735200159,Kannapolis city,Rowan County,37,159,35200,10268,4280
155,3735340163,Keener CDP,Sampson County,37,163,35340,540,226
155,3735360015,Kelford town,Bertie County,37,15,35360,203,112
155,3735440017,Kelly CDP,Bladen County,37,17,35440,446,256
155,3735460061,Kenansville town,Duplin County,37,61,35460,770,367
155,3735540195,Kenly town,Wilson County,37,195,35540,198,85
155,3735540101,Kenly town,Johnston County,37,101,35540,1293,624
155,3735600081,Kernersville town,Guilford County,37,81,35600,502,246
155,3735600067,Kernersville town,Forsyth County,37,67,35600,25947,12317
155,3735720055,Kill Devil Hills town,Dare County,37,55,35720,7656,7020
155,3735760169,King city,Stokes County,37,169,35760,6606,2923
155,3735760067,King city,Forsyth County,37,67,35760,591,236
155,3735870129,Kings Grant CDP,New Hanover County,37,129,35870,8466,3705
155,3735880071,Kings Mountain city,Gaston County,37,71,35880,1110,440
155,3735880045,Kings Mountain city,Cleveland County,37,45,35880,10032,4443
155,3735890045,Kingstown town,Cleveland County,37,45,35890,656,271
155,3735920107,Kinston city,Lenoir County,37,107,35920,19900,10476
155,3736020181,Kittrell town,Vance County,37,181,36020,132,64
155,3736060055,Kitty Hawk town,Dare County,37,55,36060,3689,3207
155,3736080183,Knightdale town,Wake County,37,183,36080,19435,7635
155,3736220129,Kure Beach town,New Hanover County,37,129,36220,2191,2121
155,3736400107,La Grange town,Lenoir County,37,107,36400,2595,1342
155,3736480087,Lake Junaluska CDP,Haywood County,37,87,36480,3219,2018
155,3736500161,Lake Lure town,Rutherford County,37,161,36500,1365,2250
155,3736510035,Lake Norman of Catawba CDP,Catawba County,37,35,36510,8658,4548
155,3736511097,Lake Norman of Iredell CDP,Iredell County,37,97,36511,11395,4753
155,3736512179,Lake Park village,Union County,37,179,36512,3269,1254
155,3736513069,Lake Royale CDP,Franklin County,37,69,36513,3392,2489
155,3736514075,Lake Santeetlah town,Graham County,37,75,36514,38,118
155,3736640047,Lake Waccamaw town,Columbus County,37,47,36640,1296,958
155,3736860159,Landis town,Rowan County,37,159,36860,3690,1639
155,3736960009,Lansing town,Ashe County,37,9,36960,126,78
155,3737000131,Lasker town,Northampton County,37,131,37000,64,49
155,3737040045,Lattimore town,Cleveland County,37,45,37040,406,146
155,3737120165,Laurel Hill CDP,Scotland County,37,165,37120,1121,529
155,3737160089,Laurel Park town,Henderson County,37,89,37160,2250,1310
155,3737220165,Laurinburg city,Scotland County,37,165,37220,14978,6805
155,3737260045,Lawndale town,Cleveland County,37,45,37260,570,282
155,3737640065,Leggett town,Edgecombe County,37,65,37640,37,24
155,3737680019,Leland town,Brunswick County,37,19,37680,22908,10905
155,3737760027,Lenoir city,Caldwell County,37,27,37760,18352,8401
155,3738030015,Lewiston Woodville town,Bertie County,37,15,38030,426,215
155,3738040067,Lewisville town,Forsyth County,37,67,38040,13381,5485
155,3738060057,Lexington city,Davidson County,37,57,38060,19632,8906
155,3738100151,Liberty town,Randolph County,37,151,38100,2655,1209
155,3738170045,Light Oak CDP,Cleveland County,37,45,38170,697,311
155,3738200007,Lilesville town,Anson County,37,7,38200,395,189
155,3738220085,Lillington town,Harnett County,37,85,38220,4735,1504
155,3738320109,Lincolnton city,Lincoln County,37,109,38320,11091,5225
155,3738360051,Linden town,Cumberland County,37,51,38360,136,64
155,3738420011,Linville CDP,Avery County,37,11,38420,283,343
155,3738680083,Littleton town,Halifax County,37,83,38680,559,342
155,3738860025,Locust city,Cabarrus County,37,25,38860,541,198
155,3738860167,Locust city,Stanly County,37,167,38860,3996,1727
155,3739060141,Long Creek CDP,Pender County,37,141,39060,277,130
155,3739280023,Long View town,Burke County,37,23,39280,735,351
155,3739280035,Long View town,Catawba County,37,35,39280,4353,2002
155,3739360069,Louisburg town,Franklin County,37,69,39360,3064,1283
155,3739420097,Love Valley town,Iredell County,37,97,39420,154,192
155,3739480071,Lowell city,Gaston County,37,71,39480,3654,1598
155,3739520109,Lowesville CDP,Lincoln County,37,109,39520,3281,1321
155,3739540171,Lowgap CDP,Surry County,37,171,39540,267,140
155,3739600195,Lucama town,Wilson County,37,195,39600,1036,475
155,3739680155,Lumber Bridge town,Robeson County,37,155,39680,82,37
155,3739700155,Lumberton city,Robeson County,37,155,39700,19025,8531
155,3739880071,McAdenville town,Gaston County,37,71,39880,890,375
155,3739960065,Macclesfield town,Edgecombe County,37,65,39960,413,221
155,3740140155,McDonald town,Robeson County,37,155,40140,94,41
155,3740240007,McFarlan town,Anson County,37,7,40240,94,41
155,3740460081,McLeansville CDP,Guilford County,37,81,40460,1113,466
155,3740540185,Macon town,Warren County,37,185,40540,110,54
155,3740560157,Madison town,Rockingham County,37,157,40560,2129,1131
155,3740600087,Maggie Valley town,Haywood County,37,87,40600,1687,1709
155,3740640061,Magnolia town,Duplin County,37,61,40640,831,389
155,3740660035,Maiden town,Catawba County,37,35,40660,3736,1492
155,3740660109,Maiden town,Lincoln County,37,109,40660,0,1
155,3740860085,Mamers CDP,Harnett County,37,85,40860,814,350
155,3740980055,Manns Harbor CDP,Dare County,37,55,40980,790,472
155,3741060055,Manteo town,Dare County,37,55,41060,1600,1344
155,3741220039,Marble CDP,Cherokee County,37,39,41220,278,152
155,3741380155,Marietta town,Robeson County,37,155,41380,111,53
155,3741420111,Marion city,McDowell County,37,111,41420,7717,3142
155,3741540191,Mar-Mac CDP,Wayne County,37,191,41540,3184,1506
155,3741580115,Marshall town,Madison County,37,115,41580,777,462
155,3741600031,Marshallberg CDP,Carteret County,37,31,41600,341,277
155,3741620115,Mars Hill town,Madison County,37,115,41620,2007,725
155,3741640179,Marshville town,Union County,37,179,41640,2522,952
155,3741720179,Marvin village,Union County,37,179,41720,6358,1888
155,3741960119,Matthews town,Mecklenburg County,37,119,41960,29435,12156
155,3742000079,Maury CDP,Greene County,37,79,42000,1404,199
155,3742020155,Maxton town,Robeson County,37,155,42020,1902,983
155,3742020165,Maxton town,Scotland County,37,165,42020,208,78
155,3742060157,Mayodan town,Rockingham County,37,157,42060,2418,1330
155,3742100103,Maysville town,Jones County,37,103,42100,818,462
155,3742240001,Mebane city,Alamance County,37,1,42240,14626,6414
155,3742240135,Mebane city,Orange County,37,135,42240,3171,1322
155,3742480137,Mesic town,Pamlico County,37,137,42480,144,92
155,3742620101,Micro town,Johnston County,37,101,42620,458,212
155,3742640181,Middleburg town,Vance County,37,181,42640,101,43
155,3742700127,Middlesex town,Nash County,37,127,42700,912,468
155,3742760119,Midland town,Mecklenburg County,37,119,42760,0,0
155,3742760025,Midland town,Cabarrus County,37,25,42760,4684,1745
155,3742860057,Midway town,Davidson County,37,57,42860,4742,2022
155,3743160193,Millers Creek CDP,Wilkes County,37,193,43160,1931,915
155,3743200167,Millingport CDP,Stanly County,37,167,43200,588,252
155,3743260089,Mills River town,Henderson County,37,89,43260,7078,3177
155,3743300033,Milton town,Caswell County,37,33,43300,155,97
155,3743320131,Milwaukee CDP,Northampton County,37,131,43320,157,95
155,3743360179,Mineral Springs town,Union County,37,179,43360,3159,1166
155,3743440137,Minnesott Beach town,Pamlico County,37,137,43440,530,365
155,3743480179,Mint Hill town,Union County,37,179,43480,6,1
155,3743480119,Mint Hill town,Mecklenburg County,37,119,43480,26444,10301
155,3743580167,Misenheimer village,Stanly County,37,167,43580,650,125
155,3743720059,Mocksville town,Davie County,37,59,43720,5900,2529
155,3743860127,Momeyer town,Nash County,37,127,43860,277,140
155,3743880037,Moncure CDP,Chatham County,37,37,43880,780,347
155,3743920179,Monroe city,Union County,37,179,43920,34562,12924
155,3744100021,Montreat town,Buncombe County,37,21,44100,901,618
155,3744160045,Mooresboro town,Cleveland County,37,45,44160,293,135
155,3744220097,Mooresville town,Iredell County,37,97,44220,50193,20842
155,3744280193,Moravian Falls CDP,Wilkes County,37,193,44280,1712,835
155,3744320031,Morehead City town,Carteret County,37,31,44320,9556,5940
155,3744400023,Morganton city,Burke County,37,23,44400,17474,7559
155,3744520063,Morrisville town,Durham County,37,63,44520,207,133
155,3744520183,Morrisville town,Wake County,37,183,44520,29423,11624
155,3744560007,Morven town,Anson County,37,7,44560,329,171
155,3744700089,Mountain Home CDP,Henderson County,37,89,44700,3490,1538
155,3744770035,Mountain View CDP,Catawba County,37,35,44770,3590,1455
155,3744800171,Mount Airy city,Surry County,37,171,44800,10676,5378
155,3744900123,Mount Gilead town,Montgomery County,37,123,44900,1171,501
155,3744960071,Mount Holly city,Gaston County,37,71,44960,17703,7687
155,3745100061,Mount Olive town,Duplin County,37,61,45100,5,4
155,3745100191,Mount Olive town,Wayne County,37,191,45100,4193,1965
155,3745140025,Mount Pleasant town,Cabarrus County,37,25,45140,1671,692
155,3745460053,Moyock CDP,Currituck County,37,53,45460,5154,1775
155,3745560193,Mulberry CDP,Wilkes County,37,193,45560,2275,1058
155,3745640091,Murfreesboro town,Hertford County,37,91,45640,2619,1069
155,3745660039,Murphy town,Cherokee County,37,39,45660,1608,825
155,3745720129,Murraysville CDP,New Hanover County,37,129,45720,16582,7303
155,3745840129,Myrtle Grove CDP,New Hanover County,37,129,45840,11476,4743
155,3745880055,Nags Head town,Dare County,37,55,45880,3168,5130
155,3746000127,Nashville town,Nash County,37,127,46000,5632,2625
155,3746060019,Navassa town,Brunswick County,37,19,46060,1367,619
155,3746100111,Nebo CDP,McDowell County,37,111,46100,1790,833
155,3746280049,Neuse Forest CDP,Craven County,37,49,46280,2110,885
155,3746340049,New Bern city,Craven County,37,49,46340,31291,15655
155,3746650191,New Hope CDP,Wayne County,37,191,46650,1588,706
155,3746740011,Newland town,Avery County,37,11,46740,715,380
155,3746820167,New London town,Stanly County,37,167,46820,607,258
155,3746860031,Newport town,Carteret County,37,31,46860,4364,1918
155,3747000035,Newton city,Catawba County,37,35,47000,13148,5776
155,3747020163,Newton Grove town,Sampson County,37,163,47020,585,263
155,3747240185,Norlina town,Warren County,37,185,47240,920,489
155,3747260153,Norman town,Richmond County,37,153,47260,100,53
155,3747485129,Northchase CDP,New Hanover County,37,129,47485,3842,1696
155,3747695027,Northlakes CDP,Caldwell County,37,27,47695,1543,649
155,3747845133,North Topsail Beach town,Onslow County,37,133,47845,1005,2675
155,3747860019,Northwest city,Brunswick County,37,19,47860,703,318
155,3747880193,North Wilkesboro town,Wilkes County,37,193,47880,4382,1941
155,3747980167,Norwood town,Stanly County,37,167,47980,2367,1297
155,3748040167,Oakboro town,Stanly County,37,167,48040,2128,884
155,3748060117,Oak City town,Martin County,37,117,48060,266,177
155,3748345019,Oak Island town,Brunswick County,37,19,48345,8396,9910
155,3748480081,Oak Ridge town,Guilford County,37,81,48480,7474,2637
155,3748700019,Ocean Isle Beach town,Brunswick County,37,19,48700,867,3045
155,3748740095,Ocracoke CDP,Hyde County,37,95,48740,797,966
155,3748790129,Ogden CDP,New Hanover County,37,129,48790,8200,3313
155,3748920111,Old Fort town,McDowell County,37,111,48920,811,469
155,3748940165,Old Hundred CDP,Scotland County,37,165,48940,218,92
155,3749380137,Oriental town,Pamlico County,37,137,49380,880,689
155,3749460155,Orrum town,Robeson County,37,155,49460,59,36
155,3749600001,Ossipee town,Alamance County,37,1,49600,536,255
155,3749800077,Oxford city,Granville County,37,77,49800,8628,3889
155,3750080013,Pantego town,Beaufort County,37,13,50080,164,83
155,3750340155,Parkton town,Robeson County,37,155,50340,504,228
155,3750540117,Parmele town,Martin County,37,117,50540,243,124
155,3750700045,Patterson Springs town,Cleveland County,37,45,50700,571,257
155,3750820007,Peachland town,Anson County,37,7,50820,390,187
155,3751040031,Peletier town,Carteret County,37,31,51040,769,501
155,3751080155,Pembroke town,Robeson County,37,155,51080,2823,1263
155,3751780191,Pikeville town,Wayne County,37,191,51780,712,332
155,3751820171,Pilot Mountain town,Surry County,37,171,51820,1440,734
155,3751840125,Pinebluff town,Moore County,37,125,51840,1473,639
155,3751940125,Pinehurst village,Moore County,37,125,51940,17581,9363
155,3752000031,Pine Knoll Shores town,Carteret County,37,31,52000,1388,2057
155,3752020101,Pine Level town,Johnston County,37,101,52020,2046,861
155,3752140065,Pinetops town,Edgecombe County,37,65,52140,1200,610
155,3752160013,Pinetown CDP,Beaufort County,37,13,52160,147,71
155,3752220119,Pineville town,Mecklenburg County,37,119,52220,10602,5201
155,3752260133,Piney Green CDP,Onslow County,37,133,52260,14386,6127
155,3752400107,Pink Hill town,Lenoir County,37,107,52400,451,215
155,3752500169,Pinnacle CDP,Stokes County,37,169,52500,786,368
155,3752660037,Pittsboro town,Chatham County,37,37,52660,4537,1901
155,3752685163,Plain View CDP,Sampson County,37,163,52685,1923,795
155,3752760081,Pleasant Garden town,Guilford County,37,81,52760,5000,2051
155,3752920193,Pleasant Hill CDP,Wilkes County,37,193,52920,831,427
155,3753040187,Plymouth town,Washington County,37,187,53040,3320,1755
155,3753140007,Polkton town,Anson County,37,7,53140,2250,390
155,3753160045,Polkville city,Cleveland County,37,45,53160,516,256
155,3753200103,Pollocksville town,Jones County,37,103,53200,268,163
155,3753475129,Porters Neck CDP,New Hanover County,37,129,53475,7397,3403
155,3753580061,Potters Hill CDP,Duplin County,37,61,53580,437,212
155,3753680015,Powellsville town,Bertie County,37,15,53680,189,117
155,3753820101,Princeton town,Johnston County,37,101,53820,1315,611
155,3753840065,Princeville town,Edgecombe County,37,65,53840,1254,631
155,3753900155,Proctorville town,Robeson County,37,155,53900,121,50
155,3753950155,Prospect CDP,Robeson County,37,155,53950,873,350
155,3754160133,Pumpkin Center CDP,Onslow County,37,133,54160,1855,790
155,3754580093,Raeford city,Hoke County,37,93,54580,4559,1946
155,3754600155,Raemon CDP,Robeson County,37,155,54600,197,84
155,3755000183,Raleigh city,Wake County,37,183,55000,466106,207325
155,3755000063,Raleigh city,Durham County,37,63,55000,1559,789
155,3755040151,Ramseur town,Randolph County,37,151,55040,1774,728
155,3755080151,Randleman city,Randolph County,37,151,55080,4595,1982
155,3755260071,Ranlo town,Gaston County,37,71,55260,4511,1720
155,3755340155,Raynham town,Robeson County,37,155,55340,60,27
155,3755460167,Red Cross town,Stanly County,37,167,55460,762,344
155,3755640127,Red Oak town,Nash County,37,127,55640,3342,1373
155,3755660093,Red Springs town,Hoke County,37,93,55660,0,0
155,3755660155,Red Springs town,Robeson County,37,155,55660,3087,1520
155,3755900157,Reidsville city,Rockingham County,37,157,55900,14583,7280
155,3755940155,Rennert town,Robeson County,37,155,55940,275,115
155,3756100155,Rex CDP,Robeson County,37,155,56100,50,20
155,3756240027,Rhodhiss town,Caldwell County,37,27,56240,358,152
155,3756240023,Rhodhiss town,Burke County,37,23,56240,639,275
155,3756340167,Richfield town,Stanly County,37,167,56340,582,260
155,3756360133,Richlands town,Onslow County,37,133,56360,2287,892
155,3756440131,Rich Square town,Northampton County,37,131,56440,894,414
155,3756600047,Riegelwood CDP,Columbus County,37,47,56600,545,252
155,3756710049,River Bend town,Craven County,37,49,56710,2902,1596
155,3756815013,River Road CDP,Beaufort County,37,13,56815,4048,2026
155,3756900083,Roanoke Rapids city,Halifax County,37,83,56900,15229,7248
155,3757000125,Robbins town,Moore County,37,125,57000,1168,465
155,3757020075,Robbinsville town,Graham County,37,75,57020,597,322
155,3757039153,Roberdel CDP,Richmond County,37,153,57039,246,120
155,3757100117,Robersonville town,Martin County,37,117,57100,1269,692
155,3757200093,Rockfish CDP,Hoke County,37,93,57200,3383,1306
155,3757260153,Rockingham city,Richmond County,37,153,57260,9243,4357
155,3757340159,Rockwell town,Rowan County,37,159,57340,2302,951
155,3757500065,Rocky Mount city,Edgecombe County,37,65,57500,15414,7460
155,3757500127,Rocky Mount city,Nash County,37,127,57500,38927,18708
155,3757540141,Rocky Point CDP,Pender County,37,141,57540,1476,579
155,3757580055,Rodanthe CDP,Dare County,37,55,57580,213,530
155,3757640183,Rolesville town,Wake County,37,183,57640,9475,3086
155,3757700193,Ronda town,Wilkes County,37,193,57700,438,194
155,3757740187,Roper town,Washington County,37,187,57740,485,263
155,3757800163,Roseboro town,Sampson County,37,163,57800,1163,575
155,3757860061,Rose Hill town,Duplin County,37,61,57860,1371,654
155,3758020175,Rosman town,Transylvania County,37,175,58020,701,283
155,3758040145,Rougemont CDP,Person County,37,145,58040,169,83
155,3758040063,Rougemont CDP,Durham County,37,63,58040,832,371
155,3758140155,Rowland town,Robeson County,37,155,58140,885,465
155,3758160145,Roxboro city,Person County,37,145,58160,8134,3937
155,3758180015,Roxobel town,Bertie County,37,15,58180,187,105
155,3758260021,Royal Pines CDP,Buncombe County,37,21,58260,4127,1900
155,3758340157,Ruffin CDP,Rockingham County,37,157,58340,322,160
155,3758360067,Rural Hall town,Forsyth County,37,67,58360,3351,1556
155,3758420161,Ruth town,Rutherford County,37,161,58420,347,163
155,3758440023,Rutherford College town,Burke County,37,23,58440,1226,582
155,3758440027,Rutherford College town,Caldwell County,37,27,58440,0,0
155,3758460161,Rutherfordton town,Rutherford County,37,161,58460,3640,1816
155,3758620141,St. Helena village,Pender County,37,141,58620,417,171
155,3758630019,St. James town,Brunswick County,37,19,58630,6529,4163
155,3758720155,St. Pauls town,Robeson County,37,155,58720,2045,955
155,3758730035,St. Stephens CDP,Catawba County,37,35,58730,8852,3731
155,3758740023,Salem CDP,Burke County,37,23,58740,2356,1045
155,3758840163,Salemburg town,Sampson County,37,163,58840,457,223
155,3758860159,Salisbury city,Rowan County,37,159,58860,35540,15095
155,3758920089,Saluda city,Henderson County,37,89,58920,11,9
155,3758920149,Saluda city,Polk County,37,149,58920,620,465
155,3758940055,Salvo CDP,Dare County,37,55,58940,303,629
155,3759090019,Sandy Creek town,Brunswick County,37,19,59090,248,104
155,3759135047,Sandyfield town,Columbus County,37,47,59135,430,176
155,3759280105,Sanford city,Lee County,37,105,59280,30261,12428
155,3759340195,Saratoga town,Wilson County,37,195,59340,353,191
155,3759540027,Sawmills town,Caldwell County,37,27,59540,5020,2226
155,3759580001,Saxapahaw CDP,Alamance County,37,1,59580,1671,795
155,3759765165,Scotch Meadows CDP,Scotland County,37,165,59765,568,204
155,3759780083,Scotland Neck town,Halifax County,37,83,59780,1640,928
155,3759980131,Seaboard town,Northampton County,37,131,59980,542,328
155,3760000129,Sea Breeze CDP,New Hanover County,37,129,60000,2245,1113
155,3760080151,Seagrove town,Randolph County,37,151,60080,235,120
155,3760180081,Sedalia town,Guilford County,37,81,60180,676,303
155,3760320101,Selma town,Johnston County,37,101,60320,6317,2643
155,3760505189,Seven Devils town,Watauga County,37,189,60505,275,454
155,3760505011,Seven Devils town,Avery County,37,11,60505,38,119
155,3760515125,Seven Lakes CDP,Moore County,37,125,60515,4900,2658
155,3760540191,Seven Springs town,Wayne County,37,191,60540,55,37
155,3760560131,Severn town,Northampton County,37,131,60560,191,108
155,3760800019,Shallotte town,Brunswick County,37,19,60800,4185,1946
155,3760940155,Shannon CDP,Robeson County,37,155,60940,217,76
155,3761060195,Sharpsburg town,Wilson County,37,195,61060,421,220
155,3761060065,Sharpsburg town,Edgecombe County,37,65,61060,215,76
155,3761060127,Sharpsburg town,Nash County,37,127,61060,1061,562
155,3761200045,Shelby city,Cleveland County,37,45,61200,21918,10089
155,3761860037,Siler City town,Chatham County,37,37,61860,7702,2918
155,3761920093,Silver City CDP,Hoke County,37,93,61920,643,376
155,3761950129,Silver Lake CDP,New Hanover County,37,129,61950,6500,2692
155,3762040147,Simpson village,Pitt County,37,147,62040,390,196
155,3762060195,Sims town,Wilson County,37,195,62060,275,129
155,3762190129,Skippers Corner CDP,New Hanover County,37,129,62190,2912,1249
155,3762520101,Smithfield town,Johnston County,37,101,62520,11292,4940
155,3762580197,Smithtown CDP,Yadkin County,37,197,62580,224,100
155,3762680133,Sneads Ferry CDP,Onslow County,37,133,62680,2548,1680
155,3762760079,Snow Hill town,Greene County,37,79,62760,1481,775
155,3763120125,Southern Pines town,Moore County,37,125,63120,15545,8364
155,3763130055,Southern Shores town,Dare County,37,55,63130,3090,2506
155,3763240181,South Henderson CDP,Vance County,37,181,63240,988,458
155,3763340029,South Mills CDP,Camden County,37,29,63340,362,179
155,3763360057,Southmont CDP,Davidson County,37,57,63360,1563,802
155,3763400019,Southport city,Brunswick County,37,19,63400,3971,2332
155,3763470083,South Rosemary CDP,Halifax County,37,83,63470,2753,1356
155,3763560083,South Weldon CDP,Halifax County,37,83,63560,550,264
155,3763680005,Sparta town,Alleghany County,37,5,63680,1834,920
155,3763720065,Speed town,Edgecombe County,37,65,63720,63,33
155,3763760159,Spencer town,Rowan County,37,159,63760,3308,1473
155,3763780071,Spencer Mountain town,Gaston County,37,71,63780,0,0
155,3763880161,Spindale town,Rutherford County,37,161,63880,4225,1957
155,3763920163,Spivey's Corner CDP,Sampson County,37,163,63920,576,209
155,3764000085,Spout Springs CDP,Harnett County,37,85,64000,11040,3819
155,3764050071,Springdale CDP,Gaston County,37,71,64050,1203,546
155,3764160127,Spring Hope town,Nash County,37,127,64160,1309,719
155,3764180051,Spring Lake town,Cumberland County,37,51,64180,11660,5359
155,3764260121,Spruce Pine town,Mitchell County,37,121,64260,2194,1064
155,3764380151,Staley town,Randolph County,37,151,64380,397,168
155,3764420179,Stallings town,Union County,37,179,64420,15728,5985
155,3764420119,Stallings town,Mecklenburg County,37,119,64420,384,137
155,3764460167,Stanfield town,Stanly County,37,167,64460,1585,611
155,3764500071,Stanley town,Gaston County,37,71,64500,3963,1687
155,3764560195,Stantonsburg town,Wilson County,37,195,64560,762,377
155,3764580123,Star town,Montgomery County,37,123,64580,806,355
155,3764740097,Statesville city,Iredell County,37,97,64740,28419,12435
155,3764840051,Stedman town,Cumberland County,37,51,64840,1277,531
155,3764940077,Stem town,Granville County,37,77,64940,960,389
155,3765020147,Stokes CDP,Pitt County,37,147,65020,357,175
155,3765040081,Stokesdale town,Guilford County,37,81,65040,5924,2244
155,3765100157,Stoneville town,Rockingham County,37,157,65100,1308,614
155,3765120137,Stonewall town,Pamlico County,37,137,65120,214,115
155,3765260003,Stony Point CDP,Alexander County,37,3,65260,986,487
155,3765260097,Stony Point CDP,Iredell County,37,97,65260,160,71
155,3765320077,Stovall town,Granville County,37,77,65320,324,166
155,3765530011,Sugar Mountain village,Avery County,37,11,65530,371,1563
155,3765580081,Summerfield town,Guilford County,37,81,65580,10951,4014
155,3765700073,Sunbury CDP,Gates County,37,73,65700,276,147
155,3765900019,Sunset Beach town,Brunswick County,37,19,65900,4175,5066
155,3766040141,Surf City town,Pender County,37,141,66040,3533,3421
155,3766040133,Surf City town,Onslow County,37,133,66040,334,724
155,3766280021,Swannanoa CDP,Buncombe County,37,21,66280,5021,2065
155,3766340095,Swan Quarter CDP,Hyde County,37,95,66340,275,182
155,3766360133,Swansboro town,Onslow County,37,133,66360,3744,1821
155,3766460001,Swepsonville town,Alamance County,37,1,66460,2445,975
155,3766500099,Sylva town,Jackson County,37,99,66500,2578,1213
155,3766520047,Tabor City town,Columbus County,37,47,66520,3781,1232
155,3766700065,Tarboro town,Edgecombe County,37,65,66700,10721,5058
155,3766740017,Tar Heel town,Bladen County,37,17,66740,90,53
155,3766960003,Taylorsville town,Alexander County,37,3,66960,2320,1110
155,3766980125,Taylortown town,Moore County,37,125,66980,634,313
155,3767000061,Teachey town,Duplin County,37,61,67000,448,197
155,3767420057,Thomasville city,Davidson County,37,57,67420,26662,11653
155,3767420151,Thomasville city,Randolph County,37,151,67420,521,230
155,3767700171,Toast CDP,Surry County,37,171,67700,1423,691
155,3767720169,Tobaccoville village,Stokes County,37,169,67720,0,0
155,3767720067,Tobaccoville village,Forsyth County,37,67,67720,2578,1157
155,3768040141,Topsail Beach town,Pender County,37,141,68040,461,1359
155,3768320103,Trenton town,Jones County,37,103,68320,238,114
155,3768340049,Trent Woods town,Craven County,37,49,68340,4074,1843
155,3768400151,Trinity city,Randolph County,37,151,68400,7006,3032
155,3768500097,Troutman town,Iredell County,37,97,68500,3698,1460
155,3768520123,Troy town,Montgomery County,37,123,68520,2850,1204
155,3768580149,Tryon town,Polk County,37,149,68580,1562,960
155,3768740163,Turkey town,Sampson County,37,163,68740,213,94
155,3769020057,Tyro CDP,Davidson County,37,57,69020,3753,1586
155,3769260179,Unionville town,Union County,37,179,69260,6643,2508
155,3769520023,Valdese town,Burke County,37,23,69520,4689,2135
155,3769600189,Valle Crucis CDP,Watauga County,37,189,69600,436,315
155,3769640089,Valley Hill CDP,Henderson County,37,89,69640,2207,1185
155,3769680049,Vanceboro town,Craven County,37,49,69680,869,426
155,3769720137,Vandemere town,Pamlico County,37,137,69720,246,136
155,3769740051,Vander CDP,Cumberland County,37,51,69740,1388,620
155,3769755163,Vann Crossroads CDP,Sampson County,37,163,69755,306,134
155,3769795019,Varnamtown town,Brunswick County,37,19,69795,525,274
155,3769840125,Vass town,Moore County,37,125,69840,952,411
155,3770320045,Waco town,Cleveland County,37,45,70320,310,133
155,3770340051,Wade town,Cumberland County,37,51,70340,638,310
155,3770380007,Wadesboro town,Anson County,37,7,70380,5008,2368
155,3770480165,Wagram town,Scotland County,37,165,70480,615,320
155,3770540069,Wake Forest town,Franklin County,37,69,70540,1504,492
155,3770540183,Wake Forest town,Wake County,37,183,70540,46097,17336
155,3770580155,Wakulla CDP,Robeson County,37,155,70580,112,49
155,3770660067,Walkertown town,Forsyth County,37,67,70660,5692,2598
155,3770720141,Wallace town,Pender County,37,141,70720,0,0
155,3770720061,Wallace town,Duplin County,37,61,70720,3413,1597
155,3770740057,Wallburg town,Davidson County,37,57,70740,3051,1245
155,3770780169,Walnut Cove town,Stokes County,37,169,70780,1586,769
155,3770820191,Walnut Creek village,Wayne County,37,191,70820,1084,451
155,3770860079,Walstonburg town,Greene County,37,79,70860,193,107
155,3770920055,Wanchese CDP,Dare County,37,55,70920,1522,704
155,3771100185,Warrenton town,Warren County,37,185,71100,851,528
155,3771160061,Warsaw town,Duplin County,37,61,71160,2733,1394
155,3771220013,Washington city,Beaufort County,37,13,71220,9875,5023
155,3771240013,Washington Park town,Beaufort County,37,13,71240,392,216
155,3771320141,Watha town,Pender County,37,141,71320,181,86
155,3771440055,Waves CDP,Dare County,37,55,71440,172,362
155,3771460179,Waxhaw town,Union County,37,179,71460,20534,6410
155,3771500087,Waynesville town,Haywood County,37,87,71500,10140,5525
155,3771560021,Weaverville town,Buncombe County,37,21,71560,4567,2354
155,3771600099,Webster town,Jackson County,37,99,71600,372,184
155,3771680119,Weddington town,Mecklenburg County,37,119,71680,5,2
155,3771680179,Weddington town,Union County,37,179,71680,13176,4295
155,3771760057,Welcome CDP,Davidson County,37,57,71760,4131,1810
155,3771780083,Weldon town,Halifax County,37,83,71780,1444,732
155,3771860183,Wendell town,Wake County,37,183,71860,9793,3868
155,3771900157,Wentworth town,Rockingham County,37,157,71900,2662,1113
155,3771940179,Wesley Chapel village,Union County,37,179,71940,8681,2887
155,3772150087,West Canton CDP,Haywood County,37,87,72150,1265,586
155,3772540009,West Jefferson town,Ashe County,37,9,72540,1279,721
155,3772600111,West Marion CDP,McDowell County,37,111,72600,1226,568
155,3772755109,Westport CDP,Lincoln County,37,109,72755,5705,2293
155,3773140125,Whispering Pines village,Moore County,37,125,73140,4987,1858
155,3773160065,Whitakers town,Edgecombe County,37,65,73160,290,181
155,3773160127,Whitakers town,Nash County,37,127,73160,337,173
155,3773300017,White Lake town,Bladen County,37,17,73300,843,1146
155,3773320017,White Oak CDP,Bladen County,37,17,73320,346,147
155,3773460171,White Plains CDP,Surry County,37,171,73460,1025,492
155,3773660047,Whiteville city,Columbus County,37,47,73660,4766,2425
155,3773760081,Whitsett town,Guilford County,37,81,73760,584,271
155,3773780099,Whittier CDP,Jackson County,37,99,73780,25,16
155,3774020193,Wilkesboro town,Wilkes County,37,193,74020,3687,1685
155,3774220117,Williamston town,Martin County,37,117,74220,5248,2671
155,3774440129,Wilmington city,New Hanover County,37,129,74440,115451,59484
155,3774540195,Wilson city,Wilson County,37,195,74540,47851,22504
155,3774580101,Wilson's Mills town,Johnston County,37,101,74580,2534,958
155,3774680015,Windsor town,Bertie County,37,15,74680,3582,1157
155,3774720143,Winfall town,Perquimans County,37,143,74720,555,272
155,3774760179,Wingate town,Union County,37,179,74760,4055,1013
155,3775000067,Winston-Salem city,Forsyth County,37,67,75000,249545,112140
155,3775060147,Winterville town,Pitt County,37,147,75060,10462,4166
155,3775080091,Winton town,Hertford County,37,91,75080,629,336
155,3775280021,Woodfin town,Buncombe County,37,21,75280,7936,3689
155,3775340131,Woodland town,Northampton County,37,131,75340,557,320
155,3775375001,Woodlawn CDP,Alamance County,37,1,75375,912,382
155,3775780129,Wrightsboro CDP,New Hanover County,37,129,75780,5526,2348
155,3775820129,Wrightsville Beach town,New Hanover County,37,129,75820,2473,2819
155,3775880057,Yadkin College CDP,Davidson County,37,57,75880,377,183
155,3775960197,Yadkinville town,Yadkin County,37,197,75960,2995,1203
155,3776000033,Yanceyville town,Caswell County,37,33,76000,1937,744
155,3776200069,Youngsville town,Franklin County,37,69,76200,2016,903
155,3776220101,Zebulon town,Johnston County,37,101,76220,0,0
155,3776220183,Zebulon town,Wake County,37,183,76220,6903,2682
