name,coname,sumlev,geocode,state,county,cousub,pop2020,hu2020
Township 1, Patterson; Alamance County; North Carolina,60,3700193292,37,1,93292,5135,2188
Township 2, Coble; Alamance County; North Carolina,60,3700193328,37,1,93328,4771,2050
Township 3, Boone Station; Alamance County; North Carolina,60,3700193368,37,1,93368,31742,12423
Township 4, Morton; Alamance County; North Carolina,60,3700193444,37,1,93444,5427,2320
Township 5, Faucette; Alamance County; North Carolina,60,3700193476,37,1,93476,3399,1565
Township 6, Graham; Alamance County; North Carolina,60,3700193520,37,1,93520,27169,11841
Township 7, Albright; Alamance County; North Carolina,60,3700193556,37,1,93556,4456,1938
Township 8, Newlin; Alamance County; North Carolina,60,3700193608,37,1,93608,6336,2752
Township 9, Thompson; Alamance County; North Carolina,60,3700193656,37,1,93656,10005,4254
Township 10, Melville; Alamance County; North Carolina,60,3700193684,37,1,93684,21866,9419
Township 11, Pleasant Grove; Alamance County; North Carolina,60,3700193704,37,1,93704,4741,2018
Township 12, Burlington; Alamance County; North Carolina,60,3700193712,37,1,93712,39971,17850
Township 13, Haw River; Alamance County; North Carolina,60,3700193732,37,1,93732,6397,2767
Ellendale township, Alexander County,60,3700391020,37,3,91020,3440,1537
Gwaltneys township, Alexander County,60,3700391364,37,3,91364,2138,969
Little River township, Alexander County,60,3700391848,37,3,91848,1419,652
Millers township, Alexander County,60,3700392068,37,3,92068,2137,909
Sharpes township, Alexander County,60,3700392908,37,3,92908,4791,2151
Sugar Loaf township, Alexander County,60,3700393168,37,3,93168,1278,595
Taylorsville township, Alexander County,60,3700393228,37,3,93228,11114,4483
Wittenburg township, Alexander County,60,3700394086,37,3,94086,10127,4664
Cherry Lane township, Alleghany County,60,3700590640,37,5,90640,1563,1513
Cranberry township, Alleghany County,60,3700590808,37,5,90808,390,380
Gap Civil township, Alleghany County,60,3700591204,37,5,91204,4211,2354
Glade Creek township, Alleghany County,60,3700591232,37,5,91232,2001,1377
Piney Creek township, Alleghany County,60,3700592508,37,5,92508,932,836
Prathers Creek township, Alleghany County,60,3700592564,37,5,92564,772,540
Whitehead township, Alleghany County,60,3700593960,37,5,93960,1019,666
Ansonville township, Anson County,60,3700790064,37,7,90064,1386,662
Burnsville township, Anson County,60,3700790452,37,7,90452,1732,818
Gulledge township, Anson County,60,3700791356,37,7,91356,1768,876
Lanesboro township, Anson County,60,3700791732,37,7,91732,4571,1491
Lilesville township, Anson County,60,3700791808,37,7,91808,2746,1335
Morven township, Anson County,60,3700792140,37,7,92140,1582,741
Wadesboro township, Anson County,60,3700793876,37,7,93876,7796,3709
White Store township, Anson County,60,3700793996,37,7,93996,474,202
Chestnut Hill township, Ashe County,60,3700990648,37,9,90648,830,555
Clifton township, Ashe County,60,3700990696,37,9,90696,1741,1058
Creston township, Ashe County,60,3700990820,37,9,90820,598,404
Elk township, Ashe County,60,3700991004,37,9,91004,586,463
Grassy Creek township, Ashe County,60,3700991282,37,9,91282,505,390
Helton township, Ashe County,60,3700991448,37,9,91448,640,409
Horse Creek township, Ashe County,60,3700991540,37,9,91540,592,355
Hurricane township, Ashe County,60,3700991568,37,9,91568,269,207
Jefferson township, Ashe County,60,3700991652,37,9,91652,4736,2640
Laurel township, Ashe County,60,3700991740,37,9,91740,367,219
North Fork township, Ashe County,60,3700992316,37,9,92316,880,576
Obids township, Ashe County,60,3700992364,37,9,92364,1299,1008
Old Fields township, Ashe County,60,3700992376,37,9,92376,2796,2011
Peak Creek township, Ashe County,60,3700992456,37,9,92456,1176,852
Pine Swamp township, Ashe County,60,3700992504,37,9,92504,2590,1658
Piney Creek township, Ashe County,60,3700992512,37,9,92512,996,598
Pond Mountain township, Ashe County,60,3700992544,37,9,92544,241,166
Walnut Hill township, Ashe County,60,3700993892,37,9,93892,1482,901
West Jefferson township, Ashe County,60,3700993956,37,9,93956,4253,2465
Altamont township, Avery County,60,3701190052,37,11,90052,1123,703
Banner Elk township, Avery County,60,3701190148,37,11,90148,3293,4480
Beech Mountain township, Avery County,60,3701190212,37,11,90212,601,432
Carey's Flat township, Avery County,60,3701190510,37,11,90510,153,167
Cranberry township, Avery County,60,3701190812,37,11,90812,512,291
Elk Park township, Avery County,60,3701191018,37,11,91018,1255,615
Frank township, Avery County,60,3701191154,37,11,91154,286,145
Heaton township, Avery County,60,3701191442,37,11,91442,337,231
Hughes township, Avery County,60,3701191558,37,11,91558,439,246
Ingalls township, Avery County,60,3701191582,37,11,91582,2872,573
Linville township, Avery County,60,3701191826,37,11,91826,641,1300
Minneapolis township, Avery County,60,3701192090,37,11,92090,371,225
Montezuma township, Avery County,60,3701192110,37,11,92110,601,372
Newland No. 1 township, Avery County,60,3701192262,37,11,92262,1147,730
Newland No. 2 township, Avery County,60,3701192263,37,11,92263,1052,606
Pineola township, Avery County,60,3701192502,37,11,92502,1562,1856
Plumtree township, Avery County,60,3701192538,37,11,92538,656,360
Pyatte township, Avery County,60,3701192586,37,11,92586,438,240
Roaring Creek township, Avery County,60,3701192708,37,11,92708,467,255
Bath township, Beaufort County,60,3701390168,37,13,90168,4287,2908
Chocowinity township, Beaufort County,60,3701390664,37,13,90664,8682,4779
Long Acre township, Beaufort County,60,3701391896,37,13,91896,8685,4203
Pantego township, Beaufort County,60,3701392436,37,13,92436,6012,3226
Richland township, Beaufort County,60,3701392664,37,13,92664,2623,1905
Washington township, Beaufort County,60,3701393904,37,13,93904,14363,7069
Colerain township, Bertie County,60,3701590712,37,15,90712,2652,1426
Indian Woods township, Bertie County,60,3701591580,37,15,91580,421,250
Merry Hill township, Bertie County,60,3701592044,37,15,92044,872,551
Mitchell township, Bertie County,60,3701592096,37,15,92096,2261,1112
Roxobel township, Bertie County,60,3701592768,37,15,92768,1310,692
Snakebite township, Bertie County,60,3701593008,37,15,93008,1026,608
Whites township, Bertie County,60,3701593988,37,15,93988,1273,755
Windsor township, Bertie County,60,3701594064,37,15,94064,7108,3019
Woodville township, Bertie County,60,3701594104,37,15,94104,1011,523
Abbotts township, Bladen County,60,3701790004,37,17,90004,939,423
Bethel township, Bladen County,60,3701790244,37,17,90244,3766,1727
Bladenboro township, Bladen County,60,3701790296,37,17,90296,5131,2528
Brown Marsh township, Bladen County,60,3701790392,37,17,90392,1432,725
Carvers Creek township, Bladen County,60,3701790528,37,17,90528,1540,780
Central township, Bladen County,60,3701790604,37,17,90604,1028,469
Colly township, Bladen County,60,3701790724,37,17,90724,1923,1765
Cypress Creek township, Bladen County,60,3701790860,37,17,90860,783,368
Elizabethtown township, Bladen County,60,3701791000,37,17,91000,6067,2887
Frenches Creek township, Bladen County,60,3701791180,37,17,91180,848,455
Hollow township, Bladen County,60,3701791508,37,17,91508,2033,924
Lake Creek township, Bladen County,60,3701791720,37,17,91720,770,442
Turnbull township, Bladen County,60,3701793784,37,17,93784,605,280
White Oak township, Bladen County,60,3701793964,37,17,93964,1533,726
Whites Creek township, Bladen County,60,3701793992,37,17,93992,1208,632
Lockwoods Folly township, Brunswick County,60,3701991884,37,19,91884,29371,20773
Northwest township, Brunswick County,60,3701992324,37,19,92324,15305,6545
Shallotte township, Brunswick County,60,3701992900,37,19,92900,32500,25290
Smithville township, Brunswick County,60,3701992992,37,19,92992,18461,16982
Town Creek township, Brunswick County,60,3701993252,37,19,93252,38004,17379
Waccamaw township, Brunswick County,60,3701993868,37,19,93868,3052,1361
Asheville city, Buncombe County,60,3702190086,37,21,90086,94589,47606
Asheville township, Buncombe County,60,3702190088,37,21,90088,18599,8990
Avery Creek township, Buncombe County,60,3702190108,37,21,90108,10508,5213
Black Mountain township, Buncombe County,60,3702190284,37,21,90284,14732,7440
Broad River township, Buncombe County,60,3702190380,37,21,90380,2001,1279
Fairview township, Buncombe County,60,3702191056,37,21,91056,12346,5468
Flat Creek township, Buncombe County,60,3702191116,37,21,91116,6432,2739
French Broad township, Buncombe County,60,3702191176,37,21,91176,7680,3016
Ivy township, Buncombe County,60,3702191604,37,21,91604,3907,1869
Leicester township, Buncombe County,60,3702191776,37,21,91776,21335,9332
Limestone township, Buncombe County,60,3702191816,37,21,91816,16142,7346
Lower Hominy township, Buncombe County,60,3702191932,37,21,91932,11503,5427
Reems Creek township, Buncombe County,60,3702192648,37,21,92648,14072,7081
Sandy Mush township, Buncombe County,60,3702192832,37,21,92832,1569,732
Swannanoa township, Buncombe County,60,3702193180,37,21,93180,15171,7231
Upper Hominy township, Buncombe County,60,3702193840,37,21,93840,18866,8372
Drexel township, Burke County,60,3702390912,37,23,90912,6299,2853
Icard township, Burke County,60,3702391572,37,23,91572,16165,7193
Jonas Ridge township, Burke County,60,3702391676,37,23,91676,657,567
Linville township, Burke County,60,3702391832,37,23,91832,1782,1111
Lovelady township, Burke County,60,3702391912,37,23,91912,8413,3970
Lower Creek township, Burke County,60,3702391920,37,23,91920,2512,1189
Lower Fork township, Burke County,60,3702391928,37,23,91928,3315,1536
Morganton township, Burke County,60,3702392136,37,23,92136,27704,11913
Quaker Meadows township, Burke County,60,3702392592,37,23,92592,7163,3217
Silver Creek township, Burke County,60,3702392952,37,23,92952,10525,4543
Smoky Creek township, Burke County,60,3702392996,37,23,92996,765,350
Upper Creek township, Burke County,60,3702393832,37,23,93832,1198,569
Upper Fork township, Burke County,60,3702393836,37,23,93836,1072,514
Township 1, Harrisburg; Cabarrus County; North Carolina,60,3702593284,37,25,93284,35039,12091
Township 2, Poplar Tent; Cabarrus County; North Carolina,60,3702593356,37,25,93356,48074,19167
Township 3, Odell; Cabarrus County; North Carolina,60,3702593380,37,25,93380,21345,6859
Township 4, Kannapolis; Cabarrus County; North Carolina,60,3702593436,37,25,93436,48221,20492
Township 5, New Gilead; Cabarrus County; North Carolina,60,3702593488,37,25,93488,4124,1690
Township 6, Rimertown; Cabarrus County; North Carolina,60,3702593532,37,25,93532,2937,1142
Township 7, Gold Hill; Cabarrus County; North Carolina,60,3702593572,37,25,93572,1639,668
Township 8, Mount Pleasant; Cabarrus County; North Carolina,60,3702593604,37,25,93604,5318,2259
Township 9, Georgeville; Cabarrus County; North Carolina,60,3702593644,37,25,93644,3896,1541
Township 10, Midland; Cabarrus County; North Carolina,60,3702593688,37,25,93688,8241,3126
Township 11, Central Cabarrus; Cabarrus County; North Carolina,60,3702593696,37,25,93696,27220,10023
Township 12, Concord; Cabarrus County; North Carolina,60,3702593716,37,25,93716,19750,8352
Globe township, Caldwell County,60,3702791244,37,27,91244,348,398
Hudson township, Caldwell County,60,3702791556,37,27,91556,12184,5286
Johns River township, Caldwell County,60,3702791672,37,27,91672,1363,736
Kings Creek township, Caldwell County,60,3702791700,37,27,91700,1652,805
Lenoir township, Caldwell County,60,3702791780,37,27,91780,19838,8874
Little River township, Caldwell County,60,3702791852,37,27,91852,3974,1832
Lovelady township, Caldwell County,60,3702791916,37,27,91916,18135,7814
Lower Creek township, Caldwell County,60,3702791924,37,27,91924,12489,5856
Mulberry township, Caldwell County,60,3702792180,37,27,92180,760,401
North Catawba township, Caldwell County,60,3702792304,37,27,92304,6500,2905
Patterson township, Caldwell County,60,3702792452,37,27,92452,2093,1235
Wilson Creek township, Caldwell County,60,3702794052,37,27,94052,82,151
Yadkin Valley township, Caldwell County,60,3702794116,37,27,94116,1234,638
Courthouse township, Camden County,60,3702990784,37,29,90784,3774,1524
Shiloh township, Camden County,60,3702992920,37,29,92920,2529,1036
South Mills township, Camden County,60,3702993044,37,29,93044,4052,1559
Atlantic township, Carteret County,60,3703190092,37,31,90092,561,431
Beaufort township, Carteret County,60,3703190180,37,31,90180,8630,5353
Cedar Island township, Carteret County,60,3703190588,37,31,90588,251,217
Davis township, Carteret County,60,3703190888,37,31,90888,317,243
Harkers Island township, Carteret County,60,3703191396,37,31,91396,1127,1178
Harlowe township, Carteret County,60,3703191400,37,31,91400,1503,758
Marshallberg township, Carteret County,60,3703192000,37,31,92000,395,320
Merrimon township, Carteret County,60,3703192040,37,31,92040,580,432
Morehead township, Carteret County,60,3703192120,37,31,92120,25449,21575
Newport township, Carteret County,60,3703192272,37,31,92272,9631,4420
Portsmouth township, Carteret County,60,3703192560,37,31,92560,0,0
Sea Level township, Carteret County,60,3703192884,37,31,92884,302,225
Smyrna township, Carteret County,60,3703193000,37,31,93000,658,372
Stacy township, Carteret County,60,3703193088,37,31,93088,187,133
Straits township, Carteret County,60,3703193156,37,31,93156,2594,1564
White Oak township, Carteret County,60,3703193968,37,31,93968,15501,13625
Anderson township, Caswell County,60,3703390056,37,33,90056,2088,964
Dan River township, Caswell County,60,3703390880,37,33,90880,2336,1170
Hightowers township, Caswell County,60,3703391492,37,33,91492,1864,859
Leasburg township, Caswell County,60,3703391756,37,33,91756,1168,604
Locust Hill township, Caswell County,60,3703391888,37,33,91888,2391,1089
Milton township, Caswell County,60,3703392080,37,33,92080,2033,1158
Pelham township, Caswell County,60,3703392468,37,33,92468,3316,1617
Stoney Creek township, Caswell County,60,3703393137,37,33,93137,3730,1688
Yanceyville township, Caswell County,60,3703394120,37,33,94120,3810,1295
Bandy's township, Catawba County,60,3703590140,37,35,90140,4902,2142
Caldwell township, Catawba County,60,3703590476,37,35,90476,7480,3197
Catawba township, Catawba County,60,3703590556,37,35,90556,8569,3751
Clines township, Catawba County,60,3703590700,37,35,90700,24939,10426
Hickory township, Catawba County,60,3703591468,37,35,91468,65461,29426
Jacobs Fork township, Catawba County,60,3703591636,37,35,91636,4993,2065
Mountain Creek township, Catawba County,60,3703592152,37,35,92152,11026,5583
Newton township, Catawba County,60,3703592284,37,35,92284,33240,14154
Albright township, Chatham County,60,3703790024,37,37,90024,2552,1162
Baldwin township, Chatham County,60,3703790136,37,37,90136,13378,5690
Bear Creek township, Chatham County,60,3703790172,37,37,90172,3458,1604
Cape Fear township, Chatham County,60,3703790504,37,37,90504,1358,628
Center township, Chatham County,60,3703790592,37,37,90592,8251,3706
Gulf township, Chatham County,60,3703791352,37,37,91352,3211,1557
Hadley township, Chatham County,60,3703791368,37,37,91368,3206,1394
Haw River township, Chatham County,60,3703791428,37,37,91428,1484,645
Hickory Mountain township, Chatham County,60,3703791472,37,37,91472,2986,1296
Matthews township, Chatham County,60,3703792012,37,37,92012,13224,5293
New Hope township, Chatham County,60,3703792240,37,37,92240,3745,1610
Oakland township, Chatham County,60,3703792352,37,37,92352,1262,582
Williams township, Chatham County,60,3703794016,37,37,94016,18170,8780
Beaverdam township, Cherokee County,60,3703990188,37,39,90188,766,742
Hothouse township, Cherokee County,60,3703991544,37,39,91544,1770,1323
Murphy township, Cherokee County,60,3703992192,37,39,92192,11467,6610
Notla township, Cherokee County,60,3703992336,37,39,92336,5197,3377
Shoal Creek township, Cherokee County,60,3703992932,37,39,92932,2513,1973
Valleytown township, Cherokee County,60,3703993852,37,39,93852,7061,3838
Township 1, Edenton; Chowan County; North Carolina,60,3704193276,37,41,93276,7124,3662
Township 2, Middle; Chowan County; North Carolina,60,3704193348,37,41,93348,3331,1794
Township 3, Upper; Chowan County; North Carolina,60,3704193400,37,41,93400,1306,650
Township 4, Yeopim; Chowan County; North Carolina,60,3704193456,37,41,93456,1947,1025
Brasstown township, Clay County,60,3704390360,37,43,90360,2022,1202
Hayesville township, Clay County,60,3704391436,37,43,91436,3953,2373
Hiawassee township, Clay County,60,3704391466,37,43,91466,1829,1539
Shooting Creek township, Clay County,60,3704392944,37,43,92944,1477,1047
Sweetwater township, Clay County,60,3704393192,37,43,93192,1001,583
Tusquittee township, Clay County,60,3704393792,37,43,93792,807,551
Cleveland, Cleveland County,60,3704590686,37,45,90686,99519,43630
Bogue township, Columbus County,60,3704790316,37,47,90316,2463,1391
Bolton township, Columbus County,60,3704790320,37,47,90320,1350,633
Bug Hill township, Columbus County,60,3704790436,37,47,90436,1952,914
Cerro Gordo township, Columbus County,60,3704790608,37,47,90608,3068,763
Chadbourn township, Columbus County,60,3704790612,37,47,90612,4314,2166
Fair Bluff township, Columbus County,60,3704791044,37,47,91044,1301,721
Lees township, Columbus County,60,3704791764,37,47,91764,3488,1623
Ransom township, Columbus County,60,3704792624,37,47,92624,4385,1989
South Williams township, Columbus County,60,3704793072,37,47,93072,4571,2194
Tatums township, Columbus County,60,3704793216,37,47,93216,2832,1347
Waccamaw township, Columbus County,60,3704793872,37,47,93872,1838,1079
Welches Creek township, Columbus County,60,3704793928,37,47,93928,1598,751
Western Prong township, Columbus County,60,3704793944,37,47,93944,810,363
Whiteville township, Columbus County,60,3704794000,37,47,94000,12043,5457
Williams township, Columbus County,60,3704794020,37,47,94020,4610,2042
Township 1, Craven County,60,3704993256,37,49,93256,8256,3488
Township 2, Craven County,60,3704993308,37,49,93308,8288,4407
Township 3, Craven County,60,3704993360,37,49,93360,3088,1554
Township 5, Craven County,60,3704993460,37,49,93460,3901,2008
Township 6, Craven County,60,3704993508,37,49,93508,21787,8790
Township 7, Craven County,60,3704993552,37,49,93552,16942,7088
Township 8, Craven County,60,3704993592,37,49,93592,35258,18013
Township 9, Craven County,60,3704993628,37,49,93628,3200,1452
Beaver Dam township, Cumberland County,60,3705190192,37,51,90192,1468,713
Black River township, Cumberland County,60,3705190288,37,51,90288,2014,863
Carvers Creek township, Cumberland County,60,3705190532,37,51,90532,25925,11376
Cedar Creek township, Cumberland County,60,3705190572,37,51,90572,13004,5667
Cross Creek township, Cumberland County,60,3705190832,37,51,90832,64912,31468
Eastover township, Cumberland County,60,3705190968,37,51,90968,13779,5852
Grays Creek township, Cumberland County,60,3705191296,37,51,91296,11308,4322
Manchester township, Cumberland County,60,3705191964,37,51,91964,24864,8827
Pearces Mill township, Cumberland County,60,3705192460,37,51,92460,17167,7420
Rockfish township, Cumberland County,60,3705192724,37,51,92724,63266,24638
Seventy-First township, Cumberland County,60,3705192892,37,51,92892,97021,41029
Crawford township, Currituck County,60,3705390816,37,53,90816,8251,3371
Fruitville township, Currituck County,60,3705391188,37,53,91188,1784,1532
Moyock township, Currituck County,60,3705392176,37,53,92176,8965,3258
Poplar Branch township, Currituck County,60,3705392552,37,53,92552,9100,7828
Atlantic township, Dare County,60,3705590096,37,55,90096,20246,18126
Croatan township, Dare County,60,3705590824,37,55,90824,1037,621
East Lake township, Dare County,60,3705590964,37,55,90964,124,69
Hatteras township, Dare County,60,3705591424,37,55,91424,2752,2841
Kinnakeet township, Dare County,60,3705591702,37,55,91702,1520,3153
Nags Head township, Dare County,60,3705592196,37,55,92196,11236,9427
Abbotts Creek township, Davidson County,60,3705790008,37,57,90008,14552,6149
Alleghany township, Davidson County,60,3705790032,37,57,90032,715,459
Arcadia township, Davidson County,60,3705790076,37,57,90076,12258,5181
Boone township, Davidson County,60,3705790328,37,57,90328,4935,2005
Conrad Hill township, Davidson County,60,3705790756,37,57,90756,9354,4082
Cotton Grove township, Davidson County,60,3705790780,37,57,90780,9214,4396
Emmons township, Davidson County,60,3705791028,37,57,91028,6776,3140
Hampton township, Davidson County,60,3705791392,37,57,91392,1766,729
Healing Spring township, Davidson County,60,3705791440,37,57,91440,2631,1548
Jackson Hill township, Davidson County,60,3705791628,37,57,91628,1001,493
Lexington township, Davidson County,60,3705791796,37,57,91796,32302,14413
Midway township, Davidson County,60,3705792064,37,57,92064,12635,5319
Reedy Creek township, Davidson County,60,3705792644,37,57,92644,5086,2227
Silver Hill township, Davidson County,60,3705792956,37,57,92956,6077,2841
Thomasville township, Davidson County,60,3705793232,37,57,93232,39926,17301
Tyro township, Davidson County,60,3705793796,37,57,93796,9052,3929
Yadkin College township, Davidson County,60,3705794112,37,57,94112,650,324
Calahaln township, Davie County,60,3705990472,37,59,90472,2562,1117
Clarksville township, Davie County,60,3705990668,37,59,90668,4084,1826
Farmington township, Davie County,60,3705991080,37,59,91080,11896,5476
Fulton township, Davie County,60,3705991192,37,59,91192,2124,931
Jerusalem township, Davie County,60,3705991660,37,59,91660,5709,2509
Mocksville township, Davie County,60,3705992100,37,59,92100,10775,4564
Shady Grove township, Davie County,60,3705992896,37,59,92896,5562,2330
Albertson township, Duplin County,60,3706190020,37,61,90020,2776,1176
Cypress Creek township, Duplin County,60,3706190864,37,61,90864,2904,1501
Faison township, Duplin County,60,3706191060,37,61,91060,3432,1733
Glisson township, Duplin County,60,3706191240,37,61,91240,1966,928
Island Creek township, Duplin County,60,3706191600,37,61,91600,9181,4535
Kenansville township, Duplin County,60,3706191688,37,61,91688,4551,2266
Limestone township, Duplin County,60,3706191820,37,61,91820,6928,3412
Magnolia township, Duplin County,60,3706191960,37,61,91960,2576,1261
Rockfish township, Duplin County,60,3706192728,37,61,92728,1667,772
Rose Hill township, Duplin County,60,3706192752,37,61,92752,2793,1297
Smith township, Duplin County,60,3706192972,37,61,92972,2441,1053
Warsaw township, Duplin County,60,3706193900,37,61,93900,5220,2648
Wolfscrape township, Duplin County,60,3706194092,37,61,94092,2280,1122
Carr township, Durham County,60,3706390516,37,63,90516,6451,3366
Durham township, Durham County,60,3706390932,37,63,90932,121863,53857
Lebanon township, Durham County,60,3706391760,37,63,91760,19618,7858
Mangum township, Durham County,60,3706391972,37,63,91972,9056,2849
Oak Grove township, Durham County,60,3706392344,37,63,92344,51982,20444
Triangle township, Durham County,60,3706393764,37,63,93764,115863,56185
Township 1, Tarboro; Edgecombe County; North Carolina,60,3706593300,37,65,93300,13623,6415
Township 2, Lower Conetoe; Edgecombe County; North Carolina,60,3706593344,37,65,93344,1561,707
Township 3, Upper Conetoe; Edgecombe County; North Carolina,60,3706593404,37,65,93404,611,299
Township 4, Deep Creek; Edgecombe County; North Carolina,60,3706593424,37,65,93424,794,357
Township 5, Lower Fishing Creek; Edgecombe County; North Carolina,60,3706593484,37,65,93484,1085,465
Township 6, Upper Fishing Creek; Edgecombe County; North Carolina,60,3706593544,37,65,93544,1236,661
Township 7, Swift Creek; Edgecombe County; North Carolina,60,3706593588,37,65,93588,2304,1050
Township 8, Sparta; Edgecombe County; North Carolina,60,3706593620,37,65,93620,2249,944
Township 9, Otter Creek; Edgecombe County; North Carolina,60,3706593652,37,65,93652,1587,767
Township 10, Lower Town Creek; Edgecombe County; North Carolina,60,3706593680,37,65,93680,2875,1381
Township 11, Walnut Creek; Edgecombe County; North Carolina,60,3706593708,37,65,93708,1429,615
Township 12, Rocky Mount; Edgecombe County; North Carolina,60,3706593724,37,65,93724,16218,7926
Township 13, Cokey; Edgecombe County; North Carolina,60,3706593728,37,65,93728,1759,777
Township 14, Upper Town Creek; Edgecombe County; North Carolina,60,3706593744,37,65,93744,1569,695
Abbotts Creek township, Forsyth County,60,3706790012,37,67,90012,13342,5997
Belews Creek township, Forsyth County,60,3706790216,37,67,90216,6226,2655
Bethania township, Forsyth County,60,3706790236,37,67,90236,9641,4310
Broadbay township, Forsyth County,60,3706790376,37,67,90376,2801,1298
Clemmonsville township, Forsyth County,60,3706790684,37,67,90684,18050,7607
Kernersville township, Forsyth County,60,3706791696,37,67,91696,32262,14660
Lewisville township, Forsyth County,60,3706791792,37,67,91792,19424,7908
Middle Fork I township, Forsyth County,60,3706792061,37,67,92061,1638,685
Middle Fork II township, Forsyth County,60,3706792062,37,67,92062,2939,1340
Old Richmond township, Forsyth County,60,3706792388,37,67,92388,5147,2337
Old Town township, Forsyth County,60,3706792396,37,67,92396,159,78
Salem Chapel township, Forsyth County,60,3706792808,37,67,92808,6911,3131
South Fork township, Forsyth County,60,3706793036,37,67,93036,2962,1270
Vienna township, Forsyth County,60,3706793864,37,67,93864,11543,4760
Winston township, Forsyth County,60,3706794068,37,67,94068,249545,112140
Cedar Rock township, Franklin County,60,3706990590,37,69,90590,2199,1109
Cypress Creek township, Franklin County,60,3706990866,37,69,90866,4975,3070
Dunn township, Franklin County,60,3706990926,37,69,90926,8660,3427
Franklinton township, Franklin County,60,3706991170,37,69,91170,10081,4328
Gold Mine township, Franklin County,60,3706991258,37,69,91258,1467,753
Harris township, Franklin County,60,3706991414,37,69,91414,9359,3702
Hayesville township, Franklin County,60,3706991438,37,69,91438,2043,920
Louisburg township, Franklin County,60,3706991906,37,69,91906,8077,3427
Sandy Creek township, Franklin County,60,3706992822,37,69,92822,2440,1180
Youngsville township, Franklin County,60,3706994150,37,69,94150,19272,7442
Cherryville township, Gaston County,60,3707190644,37,71,90644,16714,7441
Crowders Mountain township, Gaston County,60,3707190844,37,71,90844,16294,7036
Dallas township, Gaston County,60,3707190872,37,71,90872,23896,9993
Gastonia township, Gaston County,60,3707191216,37,71,91216,92587,39527
Riverbend township, Gaston County,60,3707192692,37,71,92692,30042,12750
South Point township, Gaston County,60,3707193048,37,71,93048,48410,21389
Gatesville township, Gates County,60,3707391220,37,73,91220,1327,636
Hall township, Gates County,60,3707391376,37,73,91376,1421,637
Haslett township, Gates County,60,3707391420,37,73,91420,2249,895
Holly Grove township, Gates County,60,3707391520,37,73,91520,1858,855
Hunters Mill township, Gates County,60,3707391560,37,73,91560,1145,568
Mintonsville township, Gates County,60,3707392092,37,73,92092,1014,472
Reynoldson township, Gates County,60,3707392660,37,73,92660,1464,704
Cheoah township, Graham County,60,3707590636,37,75,90636,6109,3411
Stecoah township, Graham County,60,3707593108,37,75,93108,1355,1221
Yellow Creek township, Graham County,60,3707594124,37,75,94124,566,580
Brassfield township, Granville County,60,3707790356,37,77,90356,14937,5868
Dutchville township, Granville County,60,3707790936,37,77,90936,16127,5156
Fishing Creek township, Granville County,60,3707791108,37,77,91108,8058,3551
Oak Hill township, Granville County,60,3707792348,37,77,92348,1730,818
Oxford township, Granville County,60,3707792424,37,77,92424,7403,3241
Salem township, Granville County,60,3707792800,37,77,92800,1842,771
Sassafras Fork township, Granville County,60,3707792844,37,77,92844,2558,1272
Tally Ho township, Granville County,60,3707793212,37,77,93212,6219,2546
Walnut Grove township, Granville County,60,3707793884,37,77,93884,2118,991
Bull Head township, Greene County,60,3707990440,37,79,90440,1321,575
Carrs township, Greene County,60,3707990520,37,79,90520,746,342
Hookerton township, Greene County,60,3707991532,37,79,91532,3965,1705
Jason township, Greene County,60,3707991648,37,79,91648,1797,761
Olds township, Greene County,60,3707992392,37,79,92392,4814,741
Ormonds township, Greene County,60,3707992416,37,79,92416,1684,802
Shine township, Greene County,60,3707992928,37,79,92928,1564,700
Snow Hill township, Greene County,60,3707993020,37,79,93020,2934,1414
Speights Bridge township, Greene County,60,3707993076,37,79,93076,1626,806
Bruce township, Guilford County,60,3708190396,37,81,90396,10934,4133
Center Grove township, Guilford County,60,3708190600,37,81,90600,8698,3079
Clay township, Guilford County,60,3708190672,37,81,90672,7582,3166
Deep River township, Guilford County,60,3708190896,37,81,90896,23111,9142
Fentress township, Guilford County,60,3708191096,37,81,91096,11028,4725
Friendship township, Guilford County,60,3708191184,37,81,91184,8727,4116
Gilmer township, Guilford County,60,3708191228,37,81,91228,85619,34766
Greene township, Guilford County,60,3708191304,37,81,91304,3611,1631
High Point township, Guilford County,60,3708191484,37,81,91484,83427,35200
Jamestown township, Guilford County,60,3708191640,37,81,91640,13428,5675
Jefferson township, Guilford County,60,3708191656,37,81,91656,11711,4907
Madison township, Guilford County,60,3708191952,37,81,91952,5683,2393
Monroe township, Guilford County,60,3708192104,37,81,92104,11382,4558
Morehead township, Guilford County,60,3708192124,37,81,92124,213416,97210
Oak Ridge township, Guilford County,60,3708192360,37,81,92360,13598,4940
Rock Creek township, Guilford County,60,3708192716,37,81,92716,17176,7305
Sumner township, Guilford County,60,3708193176,37,81,93176,9103,4022
Washington township, Guilford County,60,3708193908,37,81,93908,3065,1309
Brinkleyville township, Halifax County,60,3708390368,37,83,90368,4497,2242
Butterwood township, Halifax County,60,3708390468,37,83,90468,521,289
Conoconnara township, Halifax County,60,3708390752,37,83,90752,383,251
Enfield township, Halifax County,60,3708391036,37,83,91036,4280,2425
Faucett township, Halifax County,60,3708391088,37,83,91088,1575,857
Halifax township, Halifax County,60,3708391372,37,83,91372,2520,886
Littleton township, Halifax County,60,3708391876,37,83,91876,3477,2436
Palmyra township, Halifax County,60,3708392432,37,83,92432,903,500
Roanoke Rapids township, Halifax County,60,3708392704,37,83,92704,21868,10336
Roseneath township, Halifax County,60,3708392756,37,83,92756,477,238
Scotland Neck township, Halifax County,60,3708392864,37,83,92864,2985,1603
Weldon township, Halifax County,60,3708393932,37,83,93932,5136,2672
Anderson Creek township, Harnett County,60,3708590060,37,85,90060,23130,8569
Averasboro township, Harnett County,60,3708590104,37,85,90104,11775,5623
Barbecue township, Harnett County,60,3708590152,37,85,90152,20531,7537
Black River township, Harnett County,60,3708590292,37,85,90292,11588,4685
Buckhorn township, Harnett County,60,3708590416,37,85,90416,2769,1117
Duke township, Harnett County,60,3708590920,37,85,90920,6175,2710
Grove township, Harnett County,60,3708591348,37,85,91348,11090,4584
Hectors Creek township, Harnett County,60,3708591444,37,85,91444,6155,2475
Johnsonville township, Harnett County,60,3708591668,37,85,91668,14292,4997
Lillington township, Harnett County,60,3708591812,37,85,91812,5027,1945
Neills Creek township, Harnett County,60,3708592220,37,85,92220,8227,3149
Stewarts Creek township, Harnett County,60,3708593124,37,85,93124,3942,1749
Upper Little River township, Harnett County,60,3708593844,37,85,93844,8867,3736
Beaverdam township, Haywood County,60,3708790196,37,87,90196,12981,6081
Cataloochee township, Haywood County,60,3708790552,37,87,90552,58,30
Cecil township, Haywood County,60,3708790568,37,87,90568,471,316
Clyde township, Haywood County,60,3708790704,37,87,90704,6875,3173
Crabtree township, Haywood County,60,3708790800,37,87,90800,1928,986
East Fork township, Haywood County,60,3708790956,37,87,90956,1724,965
Fines Creek township, Haywood County,60,3708791104,37,87,91104,1138,785
Iron Duff township, Haywood County,60,3708791592,37,87,91592,1253,642
Ivy Hill township, Haywood County,60,3708791608,37,87,91608,5845,5226
Jonathan Creek township, Haywood County,60,3708791680,37,87,91680,3577,2424
Pigeon township, Haywood County,60,3708792488,37,87,92488,5399,2482
Waynesville township, Haywood County,60,3708793920,37,87,93920,20431,11515
White Oak township, Haywood County,60,3708793972,37,87,93972,409,264
Blue Ridge township, Henderson County,60,3708990304,37,89,90304,12519,5468
Clear Creek township, Henderson County,60,3708990680,37,89,90680,7212,3876
Crab Creek township, Henderson County,60,3708990796,37,89,90796,5101,2652
Edneyville township, Henderson County,60,3708990972,37,89,90972,4950,2792
Green River township, Henderson County,60,3708991316,37,89,91316,4720,2628
Hendersonville township, Henderson County,60,3708991456,37,89,91456,50746,25117
Hoopers Creek township, Henderson County,60,3708991536,37,89,91536,16896,7462
Mills River township, Henderson County,60,3708992076,37,89,92076,14137,6439
Ahoskie township, Hertford County,60,3709190016,37,91,90016,7808,3764
Harrellsville township, Hertford County,60,3709191412,37,91,91412,1098,636
Maneys Neck township, Hertford County,60,3709191968,37,91,91968,1159,644
Murfreesboro township, Hertford County,60,3709192188,37,91,92188,5559,2315
St. Johns township, Hertford County,60,3709192784,37,91,92784,2250,1160
Winton township, Hertford County,60,3709194076,37,91,94076,3678,1284
Allendale township, Hoke County,60,3709390036,37,93,90036,709,240
Antioch township, Hoke County,60,3709390068,37,93,90068,3744,1450
Blue Springs township, Hoke County,60,3709390312,37,93,90312,1495,601
Fort Bragg Military Reservation township, Hoke County,60,3709391148,37,93,91148,8,2
McLauchlin township, Hoke County,60,3709391948,37,93,91948,27157,9941
Quewhiffle township, Hoke County,60,3709392600,37,93,92600,3811,1665
Raeford township, Hoke County,60,3709392604,37,93,92604,13200,5414
Stonewall township, Hoke County,60,3709393136,37,93,93136,1958,770
Currituck township, Hyde County,60,3709590856,37,95,90856,858,627
Fairfield township, Hyde County,60,3709591048,37,95,91048,932,220
Lake Landing township, Hyde County,60,3709591724,37,95,91724,1341,914
Lake Mattamuskeet UT, Hyde County,60,3709591728,37,95,91728,10,4
Ocracoke township, Hyde County,60,3709592372,37,95,92372,797,966
Swan Quarter township, Hyde County,60,3709593184,37,95,93184,651,415
Barringer township, Iredell County,60,3709790160,37,97,90160,7967,3242
Bethany township, Iredell County,60,3709790240,37,97,90240,7659,3240
Chambersburg township, Iredell County,60,3709790616,37,97,90616,11800,4854
Coddle Creek township, Iredell County,60,3709790708,37,97,90708,41331,16063
Concord township, Iredell County,60,3709790744,37,97,90744,7046,3033
Cool Springs township, Iredell County,60,3709790770,37,97,90770,3945,1638
Davidson township, Iredell County,60,3709790884,37,97,90884,44035,19559
Eagle Mills township, Iredell County,60,3709790944,37,97,90944,1967,899
Fallstown township, Iredell County,60,3709791076,37,97,91076,9850,4414
New Hope township, Iredell County,60,3709792244,37,97,92244,1738,922
Olin township, Iredell County,60,3709792400,37,97,92400,1845,820
Sharpesburg township, Iredell County,60,3709792912,37,97,92912,2656,1143
Shiloh township, Iredell County,60,3709792924,37,97,92924,8879,3851
Statesville township, Iredell County,60,3709793104,37,97,93104,29985,13138
Turnersburg township, Iredell County,60,3709793788,37,97,93788,3862,1606
Union Grove township, Iredell County,60,3709793824,37,97,93824,2128,950
Barkers Creek township, Jackson County,60,3709990156,37,99,90156,1903,1215
Canada township, Jackson County,60,3709990484,37,99,90484,658,642
Caney Fork township, Jackson County,60,3709990500,37,99,90500,834,472
Cashiers township, Jackson County,60,3709990540,37,99,90540,2479,4125
Cullowhee township, Jackson County,60,3709990848,37,99,90848,10331,3847
Dillsboro township, Jackson County,60,3709990900,37,99,90900,1600,886
Greens Creek township, Jackson County,60,3709991320,37,99,91320,1422,775
Hamburg township, Jackson County,60,3709991384,37,99,91384,2057,2869
Mountain township, Jackson County,60,3709992148,37,99,92148,529,518
Qualla township, Jackson County,60,3709992596,37,99,92596,6426,3232
River township, Jackson County,60,3709992684,37,99,92684,1241,767
Savannah township, Jackson County,60,3709992856,37,99,92856,1502,945
Scott Creek township, Jackson County,60,3709992868,37,99,92868,2318,1566
Sylva township, Jackson County,60,3709993204,37,99,93204,6886,3421
Webster township, Jackson County,60,3709993924,37,99,93924,2923,1369
Banner township, Johnston County,60,3710190144,37,101,90144,7681,3392
Bentonville township, Johnston County,60,3710190232,37,101,90232,1980,836
Beulah township, Johnston County,60,3710190256,37,101,90256,4634,2052
Boon Hill township, Johnston County,60,3710190336,37,101,90336,8002,3267
Clayton township, Johnston County,60,3710190676,37,101,90676,40474,16177
Cleveland township, Johnston County,60,3710190688,37,101,90688,29906,10876
Elevation township, Johnston County,60,3710190992,37,101,90992,8601,3398
Ingrams township, Johnston County,60,3710191584,37,101,91584,6953,3031
Meadow township, Johnston County,60,3710192024,37,101,92024,3492,1487
Micro township, Johnston County,60,3710192048,37,101,92048,2930,1197
O'Neals township, Johnston County,60,3710192408,37,101,92408,10562,4213
Pine Level township, Johnston County,60,3710192500,37,101,92500,5526,2267
Pleasant Grove township, Johnston County,60,3710192528,37,101,92528,18391,6937
Selma township, Johnston County,60,3710192888,37,101,92888,10347,4253
Smithfield township, Johnston County,60,3710192980,37,101,92980,17608,7353
Wilders township, Johnston County,60,3710194008,37,101,94008,31277,11082
Wilson Mills township, Johnston County,60,3710194056,37,101,94056,7635,2522
Township 1, White Oak; Jones County; North Carolina,60,3710393304,37,103,93304,1687,923
Township 2, Pollocksville; Jones County; North Carolina,60,3710393352,37,103,93352,2438,1203
Township 3, Trenton; Jones County; North Carolina,60,3710393396,37,103,93396,1773,903
Township 4, Cypress Creek; Jones County; North Carolina,60,3710393420,37,103,93420,805,409
Township 5, Tuckahoe; Jones County; North Carolina,60,3710393496,37,103,93496,822,376
Township 6, Chinquapin; Jones County; North Carolina,60,3710393512,37,103,93512,621,318
Township 7, Beaver Creek; Jones County; North Carolina,60,3710393560,37,103,93560,1026,503
Township 1, Greenwood; Lee County; North Carolina,60,3710593280,37,105,93280,11496,4855
Township 2, Jonesboro; Lee County; North Carolina,60,3710593336,37,105,93336,14161,5799
Township 3, Cape Fear; Lee County; North Carolina,60,3710593372,37,105,93372,3983,1786
Township 4, Deep River; Lee County; North Carolina,60,3710593428,37,105,93428,2547,1042
Township 5, East Sanford; Lee County; North Carolina,60,3710593472,37,105,93472,6197,2386
Township 6, West Sanford; Lee County; North Carolina,60,3710593548,37,105,93548,19071,8255
Township 7, Pocket; Lee County; North Carolina,60,3710593580,37,105,93580,5830,2460
Contentnea Neck township, Lenoir County,60,3710790760,37,107,90760,3351,1537
Falling Creek township, Lenoir County,60,3710791072,37,107,91072,5807,2685
Institute township, Lenoir County,60,3710791588,37,107,91588,2559,1135
Kinston township, Lenoir County,60,3710791704,37,107,91704,19378,10193
Moseley Hall township, Lenoir County,60,3710792144,37,107,92144,5245,2525
Neuse township, Lenoir County,60,3710792224,37,107,92224,4582,2144
Pink Hill township, Lenoir County,60,3710792520,37,107,92520,3231,1330
Sand Hill township, Lenoir County,60,3710792820,37,107,92820,1056,514
Southwest township, Lenoir County,60,3710793060,37,107,93060,1285,666
Trent township, Lenoir County,60,3710793760,37,107,93760,3427,1476
Vance township, Lenoir County,60,3710793856,37,107,93856,3219,1477
Woodington township, Lenoir County,60,3710794096,37,107,94096,1982,895
Catawba Springs township, Lincoln County,60,3710990560,37,109,90560,29981,12821
Howards Creek township, Lincoln County,60,3710991552,37,109,91552,9080,3764
Ironton township, Lincoln County,60,3710991596,37,109,91596,22088,9246
Lincolnton township, Lincoln County,60,3710991824,37,109,91824,20038,8878
North Brook township, Lincoln County,60,3710992300,37,109,92300,5623,2461
Brackett township, McDowell County,60,3711190348,37,111,90348,585,291
Crooked Creek township, McDowell County,60,3711190828,37,111,90828,3617,1819
Dysartsville township, McDowell County,60,3711190940,37,111,90940,3622,1624
Glenwood township, McDowell County,60,3711191236,37,111,91236,2871,931
Higgins township, McDowell County,60,3711191476,37,111,91476,2262,971
Marion township, McDowell County,60,3711191984,37,111,91984,19076,9058
Montford Cove township, McDowell County,60,3711192112,37,111,92112,2426,1163
Nebo township, McDowell County,60,3711192216,37,111,92216,3850,1940
North Cove township, McDowell County,60,3711192312,37,111,92312,2362,1417
Old Fort township, McDowell County,60,3711192384,37,111,92384,3907,2028
Burningtown township, Macon County,60,3711390448,37,113,90448,937,648
Cartoogechaye township, Macon County,60,3711390524,37,113,90524,2563,1975
Cowee township, Macon County,60,3711390792,37,113,90792,2577,1745
Ellijay township, Macon County,60,3711391024,37,113,91024,2865,2139
Flats township, Macon County,60,3711391124,37,113,91124,616,683
Franklin township, Macon County,60,3711391156,37,113,91156,15700,8358
Highlands township, Macon County,60,3711391480,37,113,91480,3182,5147
Millshoal township, Macon County,60,3711392072,37,113,92072,3133,1940
Nantahala township, Macon County,60,3711392204,37,113,92204,760,991
Smithbridge township, Macon County,60,3711392974,37,113,92974,4047,2581
Sugarfork township, Macon County,60,3711393164,37,113,93164,634,741
Township 1, North Marshall; Madison County; North Carolina,60,3711593290,37,115,93290,2844,1418
Township 1, South Marshall; Madison County; North Carolina,60,3711593298,37,115,93298,1182,599
Township 2, Laurel; Madison County; North Carolina,60,3711593340,37,115,93340,1241,705
Township 3, Mars Hill; Madison County; North Carolina,60,3711593376,37,115,93376,4836,2036
Township 4, Beech Glenn; Madison County; North Carolina,60,3711593416,37,115,93416,3408,1616
Township 5, Walnut; Madison County; North Carolina,60,3711593500,37,115,93500,1759,953
Township 6, Hot Springs; Madison County; North Carolina,60,3711593528,37,115,93528,1107,666
Township 7, Ebbs Chapel; Madison County; North Carolina,60,3711593568,37,115,93568,1335,1015
Township 8, Spring Creek; Madison County; North Carolina,60,3711593624,37,115,93624,906,703
Township 9, Sandy Mush; Madison County; North Carolina,60,3711593654,37,115,93654,656,360
Township 10, Grapevine; Madison County; North Carolina,60,3711593660,37,115,93660,1505,733
Township 11, Revere-Rice Cove; Madison County; North Carolina,60,3711593706,37,115,93706,414,241
Beargrass township, Martin County,60,3711790176,37,117,90176,2118,969
Cross Roads township, Martin County,60,3711790836,37,117,90836,1369,674
Goose Nest township, Martin County,60,3711791268,37,117,91268,881,537
Griffins township, Martin County,60,3711791332,37,117,91332,1278,593
Hamilton township, Martin County,60,3711791388,37,117,91388,1349,713
Jamesville township, Martin County,60,3711791644,37,117,91644,2439,1234
Poplar Point township, Martin County,60,3711792556,37,117,92556,456,222
Robersonville township, Martin County,60,3711792712,37,117,92712,2938,1519
Williams township, Martin County,60,3711794024,37,117,94024,1109,542
Williamston township, Martin County,60,3711794040,37,117,94040,8094,4077
Township 1, Charlotte; Mecklenburg County; North Carolina,60,3711993268,37,119,93268,874579,379904
Township 2, Berryhill; Mecklenburg County; North Carolina,60,3711993320,37,119,93320,5316,2135
Township 3, Steele Creek; Mecklenburg County; North Carolina,60,3711993392,37,119,93392,17100,7088
Township 5, Providence; Mecklenburg County; North Carolina,60,3711993492,37,119,93492,11412,4621
Township 6, Clear Creek; Mecklenburg County; North Carolina,60,3711993516,37,119,93516,22804,8573
Township 7, Crab Orchard; Mecklenburg County; North Carolina,60,3711993564,37,119,93564,5111,1841
Township 8, Mallard Creek; Mecklenburg County; North Carolina,60,3711993600,37,119,93600,9728,4334
Township 9, Deweese; Mecklenburg County; North Carolina,60,3711993636,37,119,93636,29541,12226
Township 10, Lemley; Mecklenburg County; North Carolina,60,3711993668,37,119,93668,31149,14050
Township 11, Long Creek; Mecklenburg County; North Carolina,60,3711993700,37,119,93700,15462,6191
Township 12, Paw Creek; Mecklenburg County; North Carolina,60,3711993720,37,119,93720,8409,3312
Township 13, Morning Star; Mecklenburg County; North Carolina,60,3711993736,37,119,93736,37453,15357
Township 14, Pineville; Mecklenburg County; North Carolina,60,3711993740,37,119,93740,10602,5201
Township 15, Huntersville; Mecklenburg County; North Carolina,60,3711993748,37,119,93748,36816,14133
Bakersville township, Mitchell County,60,3712190128,37,121,90128,1757,942
Bradshaw township, Mitchell County,60,3712190352,37,121,90352,386,284
Cane Creek township, Mitchell County,60,3712190488,37,121,90488,715,418
Fork Mountain-Little Rock Creek township, Mitchell County,60,3712191140,37,121,91140,702,576
Grassy Creek township, Mitchell County,60,3712191285,37,121,91285,8040,4439
Harrell township, Mitchell County,60,3712191408,37,121,91408,1034,717
Poplar township, Mitchell County,60,3712192548,37,121,92548,251,167
Red Hill township, Mitchell County,60,3712192632,37,121,92632,353,208
Snow Creek township, Mitchell County,60,3712193012,37,121,93012,1665,887
Biscoe township, Montgomery County,60,3712390272,37,123,90272,5307,2221
Cheek Creek township, Montgomery County,60,3712390628,37,123,90628,637,308
Eldorado township, Montgomery County,60,3712390988,37,123,90988,1894,2378
Little River township, Montgomery County,60,3712391856,37,123,91856,805,372
Mount Gilead township, Montgomery County,60,3712392160,37,123,92160,2756,1291
Ophir township, Montgomery County,60,3712392412,37,123,92412,638,299
Pee Dee township, Montgomery County,60,3712392464,37,123,92464,1805,2362
Rocky Springs township, Montgomery County,60,3712392748,37,123,92748,1708,695
Star township, Montgomery County,60,3712393100,37,123,93100,2782,1254
Troy township, Montgomery County,60,3712393772,37,123,93772,5475,2357
Uwharrie township, Montgomery County,60,3712393848,37,123,93848,1944,1236
Township 1, Carthage; Moore County; North Carolina,60,3712593264,37,125,93264,7291,3228
Township 2, Bensalem; Moore County; North Carolina,60,3712593316,37,125,93316,3048,1505
Township 3, Sheffield; Moore County; North Carolina,60,3712593388,37,125,93388,5185,2441
Township 4, Ritter; Moore County; North Carolina,60,3712593448,37,125,93448,2598,1265
Township 5, Deep River; Moore County; North Carolina,60,3712593468,37,125,93468,503,226
Township 6, Greenwood; Moore County; North Carolina,60,3712593524,37,125,93524,3981,1738
Township 7, McNeill; Moore County; North Carolina,60,3712593578,37,125,93578,23967,11982
Township 8, Sandhills; Moore County; North Carolina,60,3712593616,37,125,93616,19453,8719
Township 9, Mineral Springs; Moore County; North Carolina,60,3712593648,37,125,93648,28932,15124
Township 10, Little River; Moore County; North Carolina,60,3712593672,37,125,93672,4769,2009
Bailey township, Nash County,60,3712790124,37,127,90124,4704,1925
Castalia township, Nash County,60,3712790544,37,127,90544,2085,939
Coopers township, Nash County,60,3712790776,37,127,90776,4159,1726
Dry Wells township, Nash County,60,3712790916,37,127,90916,3732,1608
Ferrells township, Nash County,60,3712791100,37,127,91100,2932,1303
Griffins township, Nash County,60,3712791336,37,127,91336,2682,1201
Jackson township, Nash County,60,3712791616,37,127,91616,3102,1234
Mannings township, Nash County,60,3712791976,37,127,91976,5280,2569
Nashville township, Nash County,60,3712792212,37,127,92212,9888,4275
North Whitakers township, Nash County,60,3712792328,37,127,92328,2366,1105
Oak Level township, Nash County,60,3712792356,37,127,92356,6787,3021
Red Oak township, Nash County,60,3712792636,37,127,92636,3557,1457
Rocky Mount township, Nash County,60,3712792740,37,127,92740,15553,7676
South Whitakers township, Nash County,60,3712793068,37,127,93068,2894,1275
Stony Creek township, Nash County,60,3712793144,37,127,93144,25249,11840
Cape Fear township, New Hanover County,60,3712990508,37,129,90508,19892,8441
Federal Point township, New Hanover County,60,3712991092,37,129,91092,31187,17522
Harnett township, New Hanover County,60,3712991404,37,129,91404,43171,21027
Masonboro township, New Hanover County,60,3712992008,37,129,92008,16001,6894
Wilmington township, New Hanover County,60,3712994044,37,129,94044,115451,59484
Gaston township, Northampton County,60,3713191212,37,131,91212,5183,3692
Jackson township, Northampton County,60,3713191620,37,131,91620,788,455
Kirby township, Northampton County,60,3713191708,37,131,91708,2970,1562
Oconeechee township, Northampton County,60,3713192368,37,131,92368,1829,1023
Pleasant Hill township, Northampton County,60,3713192536,37,131,92536,531,259
Rich Square township, Northampton County,60,3713192676,37,131,92676,2478,1417
Roanoke township, Northampton County,60,3713192696,37,131,92696,908,622
Seaboard township, Northampton County,60,3713192880,37,131,92880,1233,702
Wiccacanee township, Northampton County,60,3713194004,37,131,94004,1551,838
Camp Lejeune UT, Onslow County,60,3713390482,37,133,90482,34346,4126
Hofmann Forest UT, Onslow County,60,3713391502,37,133,91502,40,2
Jacksonville township, Onslow County,60,3713391632,37,133,91632,72251,33125
Richlands township, Onslow County,60,3713392672,37,133,92672,26207,10374
Stump Sound township, Onslow County,60,3713393160,37,133,93160,26853,16336
Swansboro township, Onslow County,60,3713393188,37,133,93188,21415,10169
White Oak township, Onslow County,60,3713393976,37,133,93976,23464,10048
Bingham township, Orange County,60,3713590268,37,135,90268,6972,3182
Cedar Grove township, Orange County,60,3713590580,37,135,90580,5251,2328
Chapel Hill township, Orange County,60,3713590620,37,135,90620,96006,38723
Cheeks township, Orange County,60,3713590632,37,135,90632,11050,4590
Eno township, Orange County,60,3713591040,37,135,91040,8437,3293
Hillsborough township, Orange County,60,3713591496,37,135,91496,17373,7543
Little River township, Orange County,60,3713591860,37,135,91860,3607,1552
Township 1, Pamlico County,60,3713793260,37,137,93260,2723,1236
Township 2, Pamlico County,60,3713793312,37,137,93312,2748,2018
Township 3, Pamlico County,60,3713793364,37,137,93364,2351,1151
Township 4, Pamlico County,60,3713793412,37,137,93412,1888,909
Township 5, Pamlico County,60,3713793464,37,137,93464,2566,1804
Elizabeth City township, Pasquotank County,60,3713990996,37,139,90996,10585,5468
Mount Hermon township, Pasquotank County,60,3713992164,37,139,92164,7917,3387
Newland township, Pasquotank County,60,3713992260,37,139,92260,2623,1103
Nixonton township, Pasquotank County,60,3713992292,37,139,92292,8987,3437
Providence township, Pasquotank County,60,3713992576,37,139,92576,8843,3243
Salem township, Pasquotank County,60,3713992804,37,139,92804,1613,772
Burgaw township, Pender County,60,3714190444,37,141,90444,8041,3411
Canetuck township, Pender County,60,3714190496,37,141,90496,299,153
Caswell township, Pender County,60,3714190548,37,141,90548,1419,663
Columbia township, Pender County,60,3714190728,37,141,90728,1959,972
Grady township, Pender County,60,3714191272,37,141,91272,2227,1126
Holly township, Pender County,60,3714191516,37,141,91516,1950,1053
Long Creek township, Pender County,60,3714191900,37,141,91900,2118,943
Rocky Point township, Pender County,60,3714192744,37,141,92744,7802,3133
Topsail township, Pender County,60,3714193248,37,141,93248,30544,16595
Union township, Pender County,60,3714193804,37,141,93804,3844,1878
Belvidere township, Perquimans County,60,3714390220,37,143,90220,1290,651
Bethel township, Perquimans County,60,3714390248,37,143,90248,3728,2350
Hertford township, Perquimans County,60,3714391464,37,143,91464,2453,1205
New Hope township, Perquimans County,60,3714392248,37,143,92248,3037,1522
Parkville township, Perquimans County,60,3714392448,37,143,92448,2497,1138
Allensville township, Person County,60,3714590040,37,145,90040,3106,1324
Bushy Fork township, Person County,60,3714590464,37,145,90464,2471,1132
Cunningham township, Person County,60,3714590852,37,145,90852,1656,1214
Flat River township, Person County,60,3714591120,37,145,91120,7407,3167
Holloway township, Person County,60,3714591512,37,145,91512,2341,1162
Mount Tirzah township, Person County,60,3714592168,37,145,92168,3308,1464
Olive Hill township, Person County,60,3714592404,37,145,92404,2387,1113
Roxboro township, Person County,60,3714592764,37,145,92764,15014,7044
Woodsdale township, Person County,60,3714594100,37,145,94100,1407,664
Arthur township, Pitt County,60,3714790080,37,147,90080,7158,3079
Ayden township, Pitt County,60,3714790112,37,147,90112,7489,3525
Belvoir township, Pitt County,60,3714790224,37,147,90224,8386,3295
Bethel township, Pitt County,60,3714790252,37,147,90252,2204,1090
Carolina township, Pitt County,60,3714790512,37,147,90512,1913,882
Chicod township, Pitt County,60,3714790652,37,147,90652,7119,2879
Falkland township, Pitt County,60,3714791064,37,147,91064,3861,1645
Farmville township, Pitt County,60,3714791084,37,147,91084,6164,2988
Fountain township, Pitt County,60,3714791152,37,147,91152,1251,597
Greenville township, Pitt County,60,3714791328,37,147,91328,47191,25755
Grifton township, Pitt County,60,3714791340,37,147,91340,4442,2029
Grimesland township, Pitt County,60,3714791344,37,147,91344,12689,5186
Pactolus township, Pitt County,60,3714792428,37,147,92428,6532,3205
Swift Creek township, Pitt County,60,3714793196,37,147,93196,1634,732
Winterville township, Pitt County,60,3714794072,37,147,94072,52210,23628
Columbus township, Polk County,60,3714990740,37,149,90740,6438,3367
Cooper Gap township, Polk County,60,3714990772,37,149,90772,2033,1108
Green Creek township, Polk County,60,3714991302,37,149,91302,3240,1626
Saluda township, Polk County,60,3714992816,37,149,92816,1896,1297
Tryon township, Polk County,60,3714993776,37,149,93776,3419,2158
White Oak township, Polk County,60,3714993980,37,149,93980,2302,1219
Asheboro township, Randolph County,60,3715190084,37,151,90084,24293,10758
Back Creek township, Randolph County,60,3715190116,37,151,90116,5556,2256
Brower township, Randolph County,60,3715190388,37,151,90388,1435,654
Cedar Grove township, Randolph County,60,3715190584,37,151,90584,9171,3876
Coleridge township, Randolph County,60,3715190716,37,151,90716,2186,1015
Columbia township, Randolph County,60,3715190732,37,151,90732,7235,3066
Concord township, Randolph County,60,3715190748,37,151,90748,2682,1164
Franklinville township, Randolph County,60,3715191172,37,151,91172,10055,4261
Grant township, Randolph County,60,3715191276,37,151,91276,6190,2539
Level Cross township, Randolph County,60,3715191784,37,151,91784,3622,1612
Liberty township, Randolph County,60,3715191800,37,151,91800,5660,2544
New Hope township, Randolph County,60,3715192252,37,151,92252,1256,551
New Market township, Randolph County,60,3715192268,37,151,92268,6356,2820
Pleasant Grove township, Randolph County,60,3715192532,37,151,92532,602,280
Providence township, Randolph County,60,3715192580,37,151,92580,6704,2837
Randleman township, Randolph County,60,3715192620,37,151,92620,10374,4330
Richland township, Randolph County,60,3715192668,37,151,92668,3779,1633
Tabernacle township, Randolph County,60,3715193208,37,151,93208,6596,2798
Trinity township, Randolph County,60,3715193768,37,151,93768,27399,11785
Union township, Randolph County,60,3715193808,37,151,93808,3020,1245
Beaverdam township, Richmond County,60,3715390200,37,153,90200,3213,1186
Black Jack township, Richmond County,60,3715390280,37,153,90280,460,217
Marks Creek township, Richmond County,60,3715391988,37,153,91988,12871,5898
Mineral Springs township, Richmond County,60,3715392084,37,153,92084,3310,1640
Rockingham township, Richmond County,60,3715392736,37,153,92736,14867,6940
Steeles township, Richmond County,60,3715393116,37,153,93116,493,207
Wolf Pit township, Richmond County,60,3715394088,37,153,94088,7732,3517
Alfordsville township, Robeson County,60,3715590028,37,155,90028,1852,731
Back Swamp township, Robeson County,60,3715590120,37,155,90120,4502,1510
Britts township, Robeson County,60,3715590372,37,155,90372,2927,1274
Burnt Swamp township, Robeson County,60,3715590460,37,155,90460,2319,905
East Howellsville township, Robeson County,60,3715590960,37,155,90960,2474,1034
Fairmont township, Robeson County,60,3715591052,37,155,91052,4264,2107
Gaddys township, Robeson County,60,3715591200,37,155,91200,1260,509
Lumber Bridge township, Robeson County,60,3715591936,37,155,91936,2193,838
Lumberton township, Robeson County,60,3715591940,37,155,91940,21795,10188
Maxton township, Robeson County,60,3715592016,37,155,92016,4653,2174
Orrum township, Robeson County,60,3715592420,37,155,92420,1691,770
Parkton township, Robeson County,60,3715592444,37,155,92444,3594,1493
Pembroke township, Robeson County,60,3715592472,37,155,92472,12612,4415
Philadelphus township, Robeson County,60,3715592484,37,155,92484,3283,1249
Raft Swamp township, Robeson County,60,3715592608,37,155,92608,2979,1220
Red Springs township, Robeson County,60,3715592640,37,155,92640,5182,2321
Rennert township, Robeson County,60,3715592656,37,155,92656,3063,1112
Rowland township, Robeson County,60,3715592760,37,155,92760,1919,923
Saddletree township, Robeson County,60,3715592780,37,155,92780,4357,1658
St. Pauls township, Robeson County,60,3715592796,37,155,92796,8127,3353
Shannon township, Robeson County,60,3715592904,37,155,92904,1155,413
Smiths township, Robeson County,60,3715592984,37,155,92984,5418,2039
Smyrna township, Robeson County,60,3715593004,37,155,93004,1541,680
Sterlings township, Robeson County,60,3715593120,37,155,93120,791,382
Thompson township, Robeson County,60,3715593236,37,155,93236,1034,433
Union township, Robeson County,60,3715593812,37,155,93812,2772,1079
West Howellsville township, Robeson County,60,3715593952,37,155,93952,2700,1063
Whitehouse township, Robeson County,60,3715593962,37,155,93962,756,351
Wisharts township, Robeson County,60,3715594080,37,155,94080,5317,2202
Huntsville township, Rockingham County,60,3715791564,37,157,91564,6417,2881
Leaksville township, Rockingham County,60,3715791752,37,157,91752,20081,10083
Madison township, Rockingham County,60,3715791956,37,157,91956,7579,3960
Mayo township, Rockingham County,60,3715792020,37,157,92020,6885,3152
New Bethel township, Rockingham County,60,3715792232,37,157,92232,6889,2880
Price township, Rockingham County,60,3715792568,37,157,92568,1551,712
Reidsville township, Rockingham County,60,3715792652,37,157,92652,19417,9600
Ruffin township, Rockingham County,60,3715792772,37,157,92772,5481,2615
Simpsonville township, Rockingham County,60,3715792960,37,157,92960,3973,1798
Wentworth township, Rockingham County,60,3715793936,37,157,93936,8557,3804
Williamsburg township, Rockingham County,60,3715794032,37,157,94032,4266,1946
Atwell township, Rowan County,60,3715990100,37,159,90100,13175,5463
China Grove township, Rowan County,60,3715990660,37,159,90660,26559,11305
Cleveland township, Rowan County,60,3715990692,37,159,90692,2936,1270
Franklin township, Rowan County,60,3715991160,37,159,91160,14267,6664
Gold Hill township, Rowan County,60,3715991256,37,159,91256,11629,4913
Litaker township, Rowan County,60,3715991840,37,159,91840,12252,5231
Locke township, Rowan County,60,3715991880,37,159,91880,14654,5311
Morgan township, Rowan County,60,3715992128,37,159,92128,3492,1911
Mount Ulla township, Rowan County,60,3715992172,37,159,92172,1776,762
Providence township, Rowan County,60,3715992584,37,159,92584,10412,4605
Salisbury township, Rowan County,60,3715992812,37,159,92812,29733,13177
Scotch Irish township, Rowan County,60,3715992860,37,159,92860,1805,792
Steele township, Rowan County,60,3715993112,37,159,93112,1836,743
Unity township, Rowan County,60,3715993828,37,159,93828,2349,1053
Camp Creek township, Rutherford County,60,3716190480,37,161,90480,1257,671
Chimney Rock township, Rutherford County,60,3716190656,37,161,90656,3067,3587
Colfax township, Rutherford County,60,3716190720,37,161,90720,8204,3733
Cool Spring township, Rutherford County,60,3716190768,37,161,90768,14213,6691
Duncans Creek township, Rutherford County,60,3716190924,37,161,90924,582,317
Gilkey township, Rutherford County,60,3716191224,37,161,91224,2075,989
Golden Valley township, Rutherford County,60,3716191252,37,161,91252,1054,627
Green Hill township, Rutherford County,60,3716191308,37,161,91308,2692,1335
High Shoals township, Rutherford County,60,3716191488,37,161,91488,7422,3347
Logan Store township, Rutherford County,60,3716191892,37,161,91892,3694,1731
Morgan township, Rutherford County,60,3716192132,37,161,92132,1528,759
Rutherfordton township, Rutherford County,60,3716192776,37,161,92776,11974,5610
Sulphur Springs township, Rutherford County,60,3716193172,37,161,93172,4793,2160
Union township, Rutherford County,60,3716193816,37,161,93816,1889,887
Belvoir township, Sampson County,60,3716390228,37,163,90228,1946,840
Dismal township, Sampson County,60,3716390904,37,163,90904,3814,1621
Franklin township, Sampson County,60,3716391164,37,163,91164,1905,1015
Halls township, Sampson County,60,3716391380,37,163,91380,2382,987
Herring township, Sampson County,60,3716391460,37,163,91460,1758,733
Honeycutt township, Sampson County,60,3716391528,37,163,91528,2954,1312
Lisbon township, Sampson County,60,3716391836,37,163,91836,1638,717
Little Coharie township, Sampson County,60,3716391844,37,163,91844,5404,2533
McDaniels township, Sampson County,60,3716391944,37,163,91944,1254,548
Mingo township, Sampson County,60,3716392088,37,163,92088,2727,1056
Newton Grove township, Sampson County,60,3716392288,37,163,92288,1939,841
North Clinton township, Sampson County,60,3716392308,37,163,92308,11153,4730
Piney Grove township, Sampson County,60,3716392516,37,163,92516,2417,993
Plain View township, Sampson County,60,3716392524,37,163,92524,4969,2006
South Clinton township, Sampson County,60,3716393032,37,163,93032,6507,2735
South River township, Sampson County,60,3716393052,37,163,93052,1609,782
Taylors Bridge township, Sampson County,60,3716393224,37,163,93224,1181,598
Turkey township, Sampson County,60,3716393780,37,163,93780,1734,756
Westbrook township, Sampson County,60,3716393939,37,163,93939,1745,678
Laurel Hill township, Scotland County,60,3716591748,37,165,91748,2910,1357
Spring Hill township, Scotland County,60,3716593080,37,165,93080,4066,1908
Stewartsville township, Scotland County,60,3716593132,37,165,93132,20513,8084
Williamson township, Scotland County,60,3716594036,37,165,94036,6685,2999
Almond township, Stanly County,60,3716790048,37,167,90048,3395,1432
Big Lick township, Stanly County,60,3716790264,37,167,90264,5306,2307
Center township, Stanly County,60,3716790596,37,167,90596,5551,2956
Endy township, Stanly County,60,3716791032,37,167,91032,1990,848
Furr township, Stanly County,60,3716791196,37,167,91196,11542,4817
Harris township, Stanly County,60,3716791416,37,167,91416,6245,2419
North Albemarle township, Stanly County,60,3716792296,37,167,92296,14869,6815
Ridenhour township, Stanly County,60,3716792680,37,167,92680,2949,1142
South Albemarle township, Stanly County,60,3716793028,37,167,93028,8183,3868
Tyson township, Stanly County,60,3716793800,37,167,93800,2474,1081
Beaver Island township, Stokes County,60,3716990208,37,169,90208,3355,1658
Big Creek township, Stokes County,60,3716990260,37,169,90260,1828,1014
Danbury township, Stokes County,60,3716990876,37,169,90876,1153,557
Meadows township, Stokes County,60,3716992028,37,169,92028,4890,2358
Peters Creek township, Stokes County,60,3716992480,37,169,92480,1813,932
Quaker Gap township, Stokes County,60,3716992588,37,169,92588,2772,1316
Sauratown township, Stokes County,60,3716992852,37,169,92852,5408,2603
Snow Creek township, Stokes County,60,3716993016,37,169,93016,2510,1295
Yadkin township, Stokes County,60,3716994108,37,169,94108,20791,9427
Bryan township, Surry County,60,3717190412,37,171,90412,2766,1395
Dobson township, Surry County,60,3717190908,37,171,90908,8367,3558
Eldora township, Surry County,60,3717190984,37,171,90984,3659,1617
Elkin township, Surry County,60,3717191016,37,171,91016,6283,3038
Franklin township, Surry County,60,3717191168,37,171,91168,2130,1126
Long Hill township, Surry County,60,3717191904,37,171,91904,1735,744
Marsh township, Surry County,60,3717191996,37,171,91996,2371,997
Mount Airy township, Surry County,60,3717192156,37,171,92156,23750,11514
Pilot township, Surry County,60,3717192496,37,171,92496,4085,1930
Rockford township, Surry County,60,3717192732,37,171,92732,1745,835
Shoals township, Surry County,60,3717192936,37,171,92936,1936,914
Siloam township, Surry County,60,3717192948,37,171,92948,1091,518
South Westfield township, Surry County,60,3717193064,37,171,93064,2069,940
Stewarts Creek township, Surry County,60,3717193128,37,171,93128,7000,3137
Westfield township, Surry County,60,3717193948,37,171,93948,2372,1173
Charleston township, Swain County,60,3717390624,37,173,90624,12207,6720
Forneys Creek UT, Swain County,60,3717391144,37,173,91144,14,30
Nantahala township, Swain County,60,3717392208,37,173,92208,1896,1591
Boyd township, Transylvania County,60,3717590344,37,175,90344,3747,1703
Brevard township, Transylvania County,60,3717590364,37,175,90364,11346,5683
Catheys Creek township, Transylvania County,60,3717590564,37,175,90564,3792,1790
Dunns Rock township, Transylvania County,60,3717590928,37,175,90928,5065,3482
Eastatoe township, Transylvania County,60,3717590948,37,175,90948,2840,1769
Gloucester township, Transylvania County,60,3717591248,37,175,91248,1173,674
Hogback township, Transylvania County,60,3717591504,37,175,91504,2207,2443
Little River township, Transylvania County,60,3717591864,37,175,91864,2816,1481
Alligator township, Tyrrell County,60,3717790044,37,177,90044,267,149
Columbia township, Tyrrell County,60,3717790736,37,177,90736,1975,1216
Gum Neck township, Tyrrell County,60,3717791360,37,177,91360,375,217
Scuppernong township, Tyrrell County,60,3717792872,37,177,92872,576,395
South Fork township, Tyrrell County,60,3717793040,37,177,93040,52,22
Buford township, Union County,60,3717990432,37,179,90432,10380,4173
Goose Creek township, Union County,60,3717991264,37,179,91264,16229,6139
Jackson township, Union County,60,3717991624,37,179,91624,14262,5348
Lanes Creek township, Union County,60,3717991736,37,179,91736,2765,1045
Marshville township, Union County,60,3717992004,37,179,92004,8432,3340
Monroe township, Union County,60,3717992108,37,179,92108,55230,20222
New Salem township, Union County,60,3717992280,37,179,92280,3646,1458
Sandy Ridge township, Union County,60,3717992836,37,179,92836,65555,20222
Vance township, Union County,60,3717993860,37,179,93860,61768,21841
Dabney township, Vance County,60,3718190868,37,181,90868,2871,1215
Henderson township, Vance County,60,3718191452,37,181,91452,19486,8860
Kittrell township, Vance County,60,3718191712,37,181,91712,5045,2151
Middleburg township, Vance County,60,3718192050,37,181,92050,3520,1723
Sandy Creek township, Vance County,60,3718192824,37,181,92824,6417,2620
Townsville township, Vance County,60,3718193752,37,181,93752,1283,865
Watkins township, Vance County,60,3718193916,37,181,93916,635,279
Williamsboro township, Vance County,60,3718194028,37,181,94028,3321,1563
Bartons Creek township, Wake County,60,3718390164,37,183,90164,23256,8620
Buckhorn township, Wake County,60,3718390420,37,183,90420,10670,3453
Cary township, Wake County,60,3718390536,37,183,90536,79310,34345
Cedar Fork township, Wake County,60,3718390576,37,183,90576,60629,25213
Holly Springs township, Wake County,60,3718391524,37,183,91524,53023,18558
House Creek township, Wake County,60,3718391548,37,183,91548,61113,31029
Leesville township, Wake County,60,3718391772,37,183,91772,46209,19869
Little River township, Wake County,60,3718391868,37,183,91868,15874,6190
Marks Creek township, Wake County,60,3718391992,37,183,91992,27390,10375
Meredith township, Wake County,60,3718392036,37,183,92036,19812,11020
Middle Creek township, Wake County,60,3718392056,37,183,92056,61695,23145
Neuse township, Wake County,60,3718392228,37,183,92228,81166,34482
New Light township, Wake County,60,3718392264,37,183,92264,10674,3864
Panther Branch township, Wake County,60,3718392440,37,183,92440,26873,10270
Raleigh township, Wake County,60,3718392612,37,183,92612,133800,61124
St. Marys township, Wake County,60,3718392788,37,183,92788,68961,26807
St. Matthews township, Wake County,60,3718392792,37,183,92792,82915,31812
Swift Creek township, Wake County,60,3718393200,37,183,93200,56558,24128
Wake Forest township, Wake County,60,3718393880,37,183,93880,95488,36032
White Oak township, Wake County,60,3718393984,37,183,93984,113994,42246
Fishing Creek township, Warren County,60,3718591112,37,185,91112,1626,811
Fork township, Warren County,60,3718591132,37,185,91132,461,248
Hawtree township, Warren County,60,3718591432,37,185,91432,1224,628
Judkins township, Warren County,60,3718591684,37,185,91684,712,388
Nutbush township, Warren County,60,3718592340,37,185,92340,2181,870
River township, Warren County,60,3718592688,37,185,92688,1276,1284
Roanoke township, Warren County,60,3718592700,37,185,92700,1147,1453
Sandy Creek township, Warren County,60,3718592828,37,185,92828,1644,793
Shocco township, Warren County,60,3718592940,37,185,92940,1155,584
Sixpound township, Warren County,60,3718592964,37,185,92964,1149,1119
Smith Creek township, Warren County,60,3718592976,37,185,92976,2016,1021
Warrenton township, Warren County,60,3718593896,37,185,93896,4051,2110
Lees Mill township, Washington County,60,3718791768,37,187,91768,2284,1313
Plymouth township, Washington County,60,3718792540,37,187,92540,6240,3261
Scuppernong township, Washington County,60,3718792876,37,187,92876,1422,815
Skinnersville township, Washington County,60,3718792968,37,187,92968,1057,650
Bald Mountain township, Watauga County,60,3718990132,37,189,90132,687,415
Beaverdam township, Watauga County,60,3718990204,37,189,90204,1332,715
Blowing Rock township, Watauga County,60,3718990300,37,189,90300,2913,3658
Blue Ridge township, Watauga County,60,3718990308,37,189,90308,4357,2842
Boone township, Watauga County,60,3718990332,37,189,90332,10697,2739
Brushy Fork township, Watauga County,60,3718990404,37,189,90404,4679,2639
Cove Creek township, Watauga County,60,3718990788,37,189,90788,2951,1591
Elk township, Watauga County,60,3718991008,37,189,91008,749,625
Laurel Creek township, Watauga County,60,3718991744,37,189,91744,2090,2864
Meat Camp township, Watauga County,60,3718992032,37,189,92032,3139,1607
New River township, Watauga County,60,3718992276,37,189,92276,13137,6852
North Fork township, Watauga County,60,3718992320,37,189,92320,202,132
Shawneehaw township, Watauga County,60,3718992916,37,189,92916,835,594
Stony Fork township, Watauga County,60,3718993152,37,189,93152,2420,1246
Watauga township, Watauga County,60,3718993912,37,189,93912,3898,4118
Brogden township, Wayne County,60,3719190384,37,191,90384,19764,8908
Buck Swamp township, Wayne County,60,3719190428,37,191,90428,7704,3029
Fork township, Wayne County,60,3719191136,37,191,91136,10344,3923
Goldsboro township, Wayne County,60,3719191260,37,191,91260,20761,10714
Grantham township, Wayne County,60,3719191280,37,191,91280,3818,1858
Great Swamp township, Wayne County,60,3719191300,37,191,91300,2041,920
Indian Springs township, Wayne County,60,3719191576,37,191,91576,6973,2923
Nahunta township, Wayne County,60,3719192200,37,191,92200,3422,1591
New Hope township, Wayne County,60,3719192256,37,191,92256,16094,6617
Pikeville township, Wayne County,60,3719192492,37,191,92492,2872,1299
Saulston township, Wayne County,60,3719192848,37,191,92848,7490,3207
Stoney Creek township, Wayne County,60,3719193138,37,191,93138,16050,7562
Antioch township, Wilkes County,60,3719390072,37,193,90072,1010,468
Beaver Creek township, Wilkes County,60,3719390184,37,193,90184,530,278
Boomer township, Wilkes County,60,3719390324,37,193,90324,2143,1073
Brushy Mountain township, Wilkes County,60,3719390408,37,193,90408,645,306
Edwards township, Wilkes County,60,3719390976,37,193,90976,6870,3272
Elk township, Wilkes County,60,3719391012,37,193,91012,850,577
Jobs Cabin township, Wilkes County,60,3719391664,37,193,91664,580,451
Lewis Fork township, Wilkes County,60,3719391788,37,193,91788,1466,705
Lovelace township, Wilkes County,60,3719391908,37,193,91908,701,329
Moravian Falls township, Wilkes County,60,3719392116,37,193,92116,3018,1400
Mulberry township, Wilkes County,60,3719392184,37,193,92184,6271,2903
New Castle township, Wilkes County,60,3719392236,37,193,92236,1708,770
North Wilkesboro township, Wilkes County,60,3719392332,37,193,92332,7324,3381
Reddies River township, Wilkes County,60,3719392628,37,193,92628,10421,4812
Rock Creek township, Wilkes County,60,3719392720,37,193,92720,5794,2629
Somers township, Wilkes County,60,3719393024,37,193,93024,995,487
Stanton township, Wilkes County,60,3719393092,37,193,93092,481,259
Traphill township, Wilkes County,60,3719393756,37,193,93756,3028,1534
Union township, Wilkes County,60,3719393820,37,193,93820,1087,726
Walnut Grove township, Wilkes County,60,3719393888,37,193,93888,1104,607
Wilkesboro township, Wilkes County,60,3719394012,37,193,94012,9943,4578
Black Creek township, Wilson County,60,3719590276,37,195,90276,3808,1703
Cross Roads township, Wilson County,60,3719590840,37,195,90840,3656,1662
Gardners township, Wilson County,60,3719591208,37,195,91208,3521,1518
Old Fields township, Wilson County,60,3719592380,37,195,92380,5738,2437
Saratoga township, Wilson County,60,3719592840,37,195,92840,1443,729
Springhill township, Wilson County,60,3719593084,37,195,93084,3168,1398
Stantonsburg township, Wilson County,60,3719593096,37,195,93096,2058,873
Taylors township, Wilson County,60,3719593220,37,195,93220,9536,4288
Toisnot township, Wilson County,60,3719593244,37,195,93244,5262,2391
Wilson township, Wilson County,60,3719594048,37,195,94048,40594,19253
Boonville township, Yadkin County,60,3719790340,37,197,90340,4138,1917
Deep Creek township, Yadkin County,60,3719790892,37,197,90892,3128,1345
East Bend township, Yadkin County,60,3719790952,37,197,90952,3343,1564
Forbush township, Yadkin County,60,3719791128,37,197,91128,4119,1821
North Buck Shoals township, Yadkin County,60,3719792302,37,197,92302,2080,980
North Fall Creek township, Yadkin County,60,3719792314,37,197,92314,1493,705
North Knobs township, Yadkin County,60,3719792321,37,197,92321,4460,2136
North Liberty township, Yadkin County,60,3719792322,37,197,92322,5991,2576
South Buck Shoals township, Yadkin County,60,3719793030,37,197,93030,1390,567
South Fall Creek township, Yadkin County,60,3719793034,37,197,93034,2497,1145
South Knobs township, Yadkin County,60,3719793041,37,197,93041,1686,792
South Liberty township, Yadkin County,60,3719793042,37,197,93042,2889,1398
Brush Creek township, Yancey County,60,3719990400,37,199,90400,568,362
Burnsville township, Yancey County,60,3719990456,37,199,90456,4491,2488
Cane River township, Yancey County,60,3719990492,37,199,90492,1870,991
Crabtree township, Yancey County,60,3719990804,37,199,90804,3381,1695
Egypt township, Yancey County,60,3719990980,37,199,90980,768,637
Green Mountain township, Yancey County,60,3719991312,37,199,91312,607,395
Jacks Creek township, Yancey County,60,3719991612,37,199,91612,1905,992
Pensacola township, Yancey County,60,3719992476,37,199,92476,629,558
Price Creek township, Yancey County,60,3719992572,37,199,92572,1476,1148
Ramseytown township, Yancey County,60,3719992616,37,199,92616,461,290
South Toe township, Yancey County,60,3719993056,37,199,93056,2314,1674
